reward_variant,algo,split,learning_rate,batch_size,target_update_interval,hidden_units,student_id,num_rows,num_students,action_match,dominant_policy_action,dominant_policy_action_rate,policy_collapsed,increase_sleep_rate,increase_activity_rate,increase_social_rate,policy_action_rate_none,policy_action_rate_increase_activity,policy_action_rate_decrease_activity,policy_action_rate_increase_sleep,policy_action_rate_decrease_sleep,policy_action_rate_increase_social,policy_action_rate_decrease_social,logged_action_rate_none,logged_action_rate_increase_activity,logged_action_rate_decrease_activity,logged_action_rate_increase_sleep,logged_action_rate_decrease_sleep,logged_action_rate_increase_social,logged_action_rate_decrease_social,reliable_support,num_episodes,td_error,value,pdis,trajectory_is,trajectory_wis,weighted_pdis,dr,effective_sample_size,weight_mean,weight_max,nonzero_weight_episodes,mood_improvement,direct_method_v0
reward_dense,double_dqn,train,0.0001,32,1000,256x256,u00,57,1,0.3157894736842105,increase_sleep,0.3157894736842105,False,0.3157894736842105,0.12280701754385964,0.10526315789473684,0.2807017543859649,0.12280701754385964,0.03508771929824561,0.3157894736842105,0.03508771929824561,0.10526315789473684,0.10526315789473684,0.3333333333333333,0.10526315789473684,0.12280701754385964,0.15789473684210525,0.15789473684210525,0.05263157894736842,0.07017543859649122,True,1,0.019643433937779235,0.33360538798335354,-0.0021328217866956973,-6.867358219379796e-79,-0.1622122809561906,-0.0028458294904594836,0.831291814813007,1.0,4.2335624521761664e-78,4.2335624521761664e-78,1,,0.3769594728946686
reward_dense,double_dqn,train,0.0001,32,1000,256x256,u01,52,1,0.1346153846153846,increase_sleep,0.3076923076923077,False,0.3076923076923077,0.17307692307692307,0.07692307692307693,0.28846153846153844,0.17307692307692307,0.019230769230769232,0.3076923076923077,0.038461538461538464,0.07692307692307693,0.09615384615384616,0.2692307692307692,0.19230769230769232,0.23076923076923078,0.11538461538461539,0.11538461538461539,0.057692307692307696,0.019230769230769232,True,2,0.011598162891302239,0.3768048877111421,0.03298323309773564,2.4844463435749755e-16,0.29683049466511335,0.007867645446453974,1.679492951196177,1.0,8.369916124614989e-16,1.6739832249229978e-15,2,,0.6692676544189453
reward_dense,double_dqn,train,0.0001,32,1000,256x256,u02,55,1,0.18181818181818182,increase_sleep,0.32727272727272727,False,0.32727272727272727,0.09090909090909091,0.14545454545454545,0.2545454545454545,0.09090909090909091,0.03636363636363636,0.32727272727272727,0.03636363636363636,0.14545454545454545,0.10909090909090909,0.2909090909090909,0.2,0.14545454545454545,0.05454545454545454,0.05454545454545454,0.16363636363636364,0.09090909090909091,True,1,0.009383670474670229,0.43282802660356867,0.01334134923086002,1.453330111371626e-88,0.5964985569576767,0.010845428308321392,1.630992541933381,1.0,2.4364352510491387e-88,2.4364352510491387e-88,1,,0.6866878867149353
reward_dense,double_dqn,train,0.0001,32,1000,256x256,u03,53,1,0.3584905660377358,none,0.3584905660377358,False,0.2641509433962264,0.05660377358490566,0.11320754716981132,0.3584905660377358,0.05660377358490566,0.05660377358490566,0.2641509433962264,0.05660377358490566,0.11320754716981132,0.09433962264150944,0.22641509433962265,0.16981132075471697,0.16981132075471697,0.09433962264150944,0.09433962264150944,0.11320754716981132,0.1320754716981132,True,1,0.013623545934076435,0.45600846613634305,3.2253130832533966e-05,6.896614922519807e-69,0.445046668024939,0.008397106943866774,0.5646739378119462,1.0,1.5496385925381973e-68,1.5496385925381973e-68,1,,0.45738354325294495
reward_dense,double_dqn,train,0.0001,32,1000,256x256,u04,55,1,0.2,increase_sleep,0.38181818181818183,False,0.38181818181818183,0.10909090909090909,0.12727272727272726,0.23636363636363636,0.10909090909090909,0.03636363636363636,0.38181818181818183,0.03636363636363636,0.12727272727272726,0.07272727272727272,0.36363636363636365,0.09090909090909091,0.09090909090909091,0.07272727272727272,0.09090909090909091,0.14545454545454545,0.14545454545454545,True,1,0.015535040067036541,0.4170219688252969,0.008732995219038479,1.4429533545568667e-85,0.622752173603713,0.011322766792794781,1.5507420070508269,1.0,2.3170587204968744e-85,2.3170587204968744e-85,1,,0.8393649458885193
reward_dense,double_dqn,train,0.0001,32,1000,256x256,u05,54,1,0.18518518518518517,none,0.2962962962962963,False,0.2777777777777778,0.14814814814814814,0.16666666666666666,0.2962962962962963,0.14814814814814814,0.018518518518518517,0.2777777777777778,0.07407407407407407,0.16666666666666666,0.018518518518518517,0.35185185185185186,0.25925925925925924,0.24074074074074073,0.018518518518518517,0.018518518518518517,0.07407407407407407,0.037037037037037035,True,1,0.01478746932987094,0.33903033300130453,0.001247110514503941,3.445991119771949e-90,0.23586723344351723,0.004367911730435509,0.4315989089004603,1.0,1.4609876367575895e-89,1.4609876367575895e-89,1,,0.3671821355819702
reward_dense,double_dqn,train,0.0001,32,1000,256x256,u07,52,1,0.23076923076923078,increase_sleep,0.5,False,0.5,0.057692307692307696,0.1346153846153846,0.19230769230769232,0.057692307692307696,0.019230769230769232,0.5,0.038461538461538464,0.1346153846153846,0.057692307692307696,0.34615384615384615,0.1346153846153846,0.15384615384615385,0.15384615384615385,0.09615384615384616,0.07692307692307693,0.038461538461538464,True,1,0.010646194562486225,0.37186066455279404,7.929156696658453e-06,1.629129740708766e-79,0.22589591685526256,0.004344152247216582,0.3827326222603252,1.0,7.211860060988142e-79,7.211860060988142e-79,1,,0.3458803594112396
reward_dense,double_dqn,train,0.0001,32,1000,256x256,u08,54,1,0.24074074074074073,none,0.25925925925925924,False,0.25925925925925924,0.05555555555555555,0.18518518518518517,0.25925925925925924,0.05555555555555555,0.018518518518518517,0.25925925925925924,0.14814814814814814,0.18518518518518517,0.07407407407407407,0.18518518518518517,0.16666666666666666,0.2037037037037037,0.1111111111111111,0.12962962962962962,0.1111111111111111,0.09259259259259259,True,1,0.011371828171629912,0.4309445323370811,0.002257113894942564,9.968635081179463e-80,0.595837173768344,0.011034021736450815,1.4801820792657918,1.0,1.6730468524031996e-79,1.6730468524031996e-79,1,,0.7225877642631531
reward_dense,double_dqn,train,0.0001,32,1000,256x256,u09,54,1,0.16666666666666666,increase_sleep,0.4444444444444444,False,0.4444444444444444,0.09259259259259259,0.1111111111111111,0.18518518518518517,0.09259259259259259,0.018518518518518517,0.4444444444444444,0.018518518518518517,0.1111111111111111,0.12962962962962962,0.4074074074074074,0.24074074074074073,0.2037037037037037,0.018518518518518517,0.0,0.09259259259259259,0.037037037037037035,True,1,0.006927882327730644,0.3573022549627004,0.012622700319600177,1.1241510165636877e-83,0.9263002350987103,0.01715370805738354,3.0755100871067507,1.0,1.2135924983802834e-83,1.2135924983802834e-83,1,,1.2504771947860718
reward_dense,double_dqn,train,0.0001,32,1000,256x256,u10,54,1,0.3333333333333333,increase_sleep,0.42592592592592593,False,0.42592592592592593,0.07407407407407407,0.05555555555555555,0.25925925925925924,0.07407407407407407,0.018518518518518517,0.42592592592592593,0.05555555555555555,0.05555555555555555,0.1111111111111111,0.2037037037037037,0.14814814814814814,0.09259259259259259,0.12962962962962962,0.09259259259259259,0.14814814814814814,0.18518518518518517,True,1,0.01387074635369298,0.3884507260388798,0.03214647979626547,6.7243642363750005e-68,0.9800090283961699,0.018148315340669824,2.624855345044763,1.0,6.861532946670638e-68,6.861532946670638e-68,1,1.0,0.6860683560371399
reward_dense,double_dqn,train,0.0001,32,1000,256x256,u12,54,1,0.25925925925925924,increase_sleep,0.37037037037037035,False,0.37037037037037035,0.037037037037037035,0.12962962962962962,0.2962962962962963,0.037037037037037035,0.07407407407407407,0.37037037037037035,0.05555555555555555,0.12962962962962962,0.037037037037037035,0.2222222222222222,0.14814814814814814,0.14814814814814814,0.12962962962962962,0.05555555555555555,0.2037037037037037,0.09259259259259259,True,1,0.0152356288379715,0.3778068646788597,0.008746543718784994,1.9304190816541437e-76,0.5239499660670823,0.009702777149390414,1.3497096368258883,1.0,3.684357680456436e-76,3.684357680456436e-76,1,,0.6019708514213562
reward_dense,double_dqn,train,0.0001,32,1000,256x256,u13,45,1,0.24444444444444444,increase_sleep,0.5111111111111111,False,0.5111111111111111,0.022222222222222223,0.15555555555555556,0.26666666666666666,0.022222222222222223,0.0,0.5111111111111111,0.0,0.15555555555555556,0.044444444444444446,0.4888888888888889,0.13333333333333333,0.13333333333333333,0.0,0.0,0.13333333333333333,0.1111111111111111,True,2,0.011552497138260757,0.331914598080847,-0.013517747793229935,1.0723875240302722e-11,0.20066735818342119,0.006650803708402894,0.4672396310261023,1.0,5.344105457600383e-11,1.0688210915200767e-10,2,,0.34671176970005035
reward_dense,double_dqn,train,0.0001,32,1000,256x256,u14,54,1,0.25925925925925924,none,0.3148148148148148,False,0.2962962962962963,0.12962962962962962,0.07407407407407407,0.3148148148148148,0.12962962962962962,0.05555555555555555,0.2962962962962963,0.05555555555555555,0.07407407407407407,0.07407407407407407,0.25925925925925924,0.2222222222222222,0.16666666666666666,0.09259259259259259,0.12962962962962962,0.07407407407407407,0.05555555555555555,True,1,0.029065957841739706,0.3727163347519106,0.00012634633305281837,-1.474657709894056e-82,-0.049121831706754375,-0.0009096635501250779,0.37393084374439084,1.0,3.002041370723736e-81,3.002041370723736e-81,1,,0.3760163486003876
reward_dense,double_dqn,train,0.0001,32,1000,256x256,u15,40,1,0.2,none,0.325,False,0.3,0.1,0.1,0.325,0.1,0.05,0.3,0.05,0.1,0.075,0.325,0.1,0.1,0.075,0.075,0.175,0.15,True,4,0.012082670956359487,0.3519583329558372,0.0009146419062844927,3.175820840393091e-06,0.17935230518596496,0.00446521988779731,0.4640574911603931,1.3271787300957987,1.7707164884779033e-05,6.06311874432781e-05,4,,0.46963679045438766
reward_dense,double_dqn,train,0.0001,32,1000,256x256,u16,54,1,0.35185185185185186,increase_sleep,0.2962962962962963,False,0.2962962962962963,0.09259259259259259,0.09259259259259259,0.25925925925925924,0.09259259259259259,0.018518518518518517,0.2962962962962963,0.1111111111111111,0.09259259259259259,0.12962962962962962,0.05555555555555555,0.07407407407407407,0.16666666666666666,0.18518518518518517,0.2222222222222222,0.14814814814814814,0.14814814814814814,True,1,0.0313268579042819,0.5015260620663563,7.802666005730573e-05,5.8029515933584136e-71,0.7041138614357677,0.013039145582143854,0.9237882295834238,1.0,8.241496029527866e-71,8.241496029527866e-71,1,1.3333333333333333,0.41761282086372375
reward_dense,double_dqn,train,0.0001,32,1000,256x256,u17,54,1,0.25925925925925924,increase_sleep,0.48148148148148145,False,0.48148148148148145,0.05555555555555555,0.05555555555555555,0.2777777777777778,0.05555555555555555,0.018518518518518517,0.48148148148148145,0.05555555555555555,0.05555555555555555,0.05555555555555555,0.4444444444444444,0.05555555555555555,0.07407407407407407,0.16666666666666666,0.14814814814814814,0.037037037037037035,0.07407407407407407,True,1,0.02298167933083648,0.4479377526375983,1.621320132680797e-05,2.3790406381868775e-78,0.24049730466903924,0.004453653790167397,0.7255301734000464,1.0,9.892171729162613e-78,9.892171729162613e-78,1,,0.4709772765636444
reward_dense,double_dqn,train,0.0001,32,1000,256x256,u18,47,1,0.2765957446808511,none,0.3404255319148936,False,0.3191489361702128,0.06382978723404255,0.14893617021276595,0.3404255319148936,0.06382978723404255,0.0,0.3191489361702128,0.0425531914893617,0.14893617021276595,0.0851063829787234,0.3191489361702128,0.1276595744680851,0.1702127659574468,0.10638297872340426,0.0425531914893617,0.14893617021276595,0.0851063829787234,True,2,0.0138220406742066,0.39054772749226146,0.032837117106290926,0.16613943103325374,0.3945846882104873,0.023955052724977926,1.255041044223625,1.0,0.4210488546494949,0.8420977092989897,2,,0.5771042853593826
reward_dense,double_dqn,train,0.0001,32,1000,256x256,u19,53,1,0.33962264150943394,none,0.33962264150943394,False,0.3018867924528302,0.07547169811320754,0.09433962264150944,0.33962264150943394,0.07547169811320754,0.0,0.3018867924528302,0.07547169811320754,0.09433962264150944,0.11320754716981132,0.33962264150943394,0.09433962264150944,0.11320754716981132,0.16981132075471697,0.1320754716981132,0.07547169811320754,0.07547169811320754,True,1,0.015550180709482756,0.4629605486637579,0.0004488276240108319,5.877084512519786e-70,0.1501266978037934,0.0028325792038451534,0.864133005463625,1.0,3.914749740383142e-69,3.914749740383142e-69,1,0.5,0.7034993767738342
reward_dense,double_dqn,train,0.0001,32,1000,256x256,u20,45,1,0.15555555555555556,increase_sleep,0.4888888888888889,False,0.4888888888888889,0.06666666666666667,0.1111111111111111,0.17777777777777778,0.06666666666666667,0.0,0.4888888888888889,0.06666666666666667,0.1111111111111111,0.08888888888888889,0.4666666666666667,0.06666666666666667,0.15555555555555556,0.08888888888888889,0.08888888888888889,0.08888888888888889,0.044444444444444446,True,3,0.011495661022167446,0.3930483891732163,0.07882359061767648,4.06592543128218e-18,0.6789012374484285,0.03357095849513484,1.256299908135529,1.3031951855759367,5.98897926090618e-18,1.555240300822248e-17,3,,0.6234991451104482
reward_dense,double_dqn,train,0.0001,32,1000,256x256,u22,50,1,0.26,increase_sleep,0.4,False,0.4,0.06,0.08,0.28,0.06,0.0,0.4,0.06,0.08,0.12,0.56,0.04,0.0,0.1,0.14,0.08,0.08,True,2,0.011756756174349903,0.3596706550754607,0.03512156543149732,5.976810052931008e-14,0.7881016281470538,0.030086131868096094,1.867473423091237,1.0,7.583806249688119e-14,1.5167612499376237e-13,2,,0.624784380197525
reward_dense,double_dqn,train,0.0001,32,1000,256x256,u23,54,1,0.24074074074074073,none,0.3888888888888889,False,0.25925925925925924,0.05555555555555555,0.12962962962962962,0.3888888888888889,0.05555555555555555,0.018518518518518517,0.25925925925925924,0.018518518518518517,0.12962962962962962,0.12962962962962962,0.3148148148148148,0.037037037037037035,0.1111111111111111,0.09259259259259259,0.07407407407407407,0.2037037037037037,0.16666666666666666,True,1,0.01168838656251494,0.37367514779584277,0.0024289049787160964,-5.40990751093946e-75,-0.33311891243436326,-0.006168868748784501,2.139382138211589,1.0,1.624016922787418e-74,1.624016922787418e-74,1,,0.6260457634925842
reward_dense,double_dqn,train,0.0001,32,1000,256x256,u24,34,1,0.20588235294117646,none,0.29411764705882354,False,0.23529411764705882,0.11764705882352941,0.17647058823529413,0.29411764705882354,0.11764705882352941,0.029411764705882353,0.23529411764705882,0.058823529411764705,0.17647058823529413,0.08823529411764706,0.29411764705882354,0.14705882352941177,0.17647058823529413,0.11764705882352941,0.11764705882352941,0.058823529411764705,0.08823529411764706,True,1,0.013262194878788089,0.34214731437318463,4.440527712861803e-06,-2.207281618492024e-53,-0.20617856142221885,-0.0060640753359476164,0.5126771906629939,1.0,1.0705679597656539e-52,1.0705679597656539e-52,1,,0.47563982009887695
reward_dense,double_dqn,train,0.0001,32,1000,256x256,u25,45,1,0.2222222222222222,increase_sleep,0.4444444444444444,False,0.4444444444444444,0.13333333333333333,0.08888888888888889,0.2222222222222222,0.13333333333333333,0.0,0.4444444444444444,0.022222222222222223,0.08888888888888889,0.08888888888888889,0.3333333333333333,0.08888888888888889,0.1111111111111111,0.08888888888888889,0.06666666666666667,0.15555555555555556,0.15555555555555556,True,2,0.009194483411960795,0.38962490624851653,0.05149703381917403,1.1592016384005546,0.46368065536022185,0.026070882725757617,0.6356505534719981,1.0,2.5,5.0,2,,0.42375749349594116
reward_dense,double_dqn,train,0.0001,32,1000,256x256,u27,54,1,0.16666666666666666,increase_sleep,0.46296296296296297,False,0.46296296296296297,0.07407407407407407,0.16666666666666666,0.12962962962962962,0.07407407407407407,0.037037037037037035,0.46296296296296297,0.07407407407407407,0.16666666666666666,0.05555555555555555,0.25925925925925924,0.12962962962962962,0.16666666666666666,0.037037037037037035,0.037037037037037035,0.2222222222222222,0.14814814814814814,True,1,0.014669177973027454,0.4126684522877137,6.088571973375014e-06,-1.887691313606739e-90,-0.1563180750320784,-0.0028947791672607115,0.4754155004136219,1.0,1.2075963148979166e-89,1.2075963148979166e-89,1,,0.46889281272888184
reward_dense,double_dqn,train,0.0001,32,1000,256x256,u30,53,1,0.2830188679245283,increase_sleep,0.33962264150943394,False,0.33962264150943394,0.11320754716981132,0.03773584905660377,0.32075471698113206,0.11320754716981132,0.05660377358490566,0.33962264150943394,0.03773584905660377,0.03773584905660377,0.09433962264150944,0.41509433962264153,0.11320754716981132,0.16981132075471697,0.09433962264150944,0.1320754716981132,0.03773584905660377,0.03773584905660377,True,1,0.025593291363730834,0.416277085835079,6.399194485019928e-05,1.4377277623177664e-77,0.30842916086169203,0.005819418129465894,0.6211417948435165,1.0,4.661452108811729e-77,4.661452108811729e-77,1,,0.5484418272972107
reward_dense,double_dqn,train,0.0001,32,1000,256x256,u31,54,1,0.14814814814814814,increase_sleep,0.3333333333333333,False,0.3333333333333333,0.1111111111111111,0.12962962962962962,0.2222222222222222,0.1111111111111111,0.037037037037037035,0.3333333333333333,0.018518518518518517,0.12962962962962962,0.14814814814814814,0.5555555555555556,0.18518518518518517,0.16666666666666666,0.037037037037037035,0.037037037037037035,0.018518518518518517,0.0,True,1,0.011524404178119228,0.32717444085412556,4.141264402044013e-06,-1.931614373892696e-92,-0.14983458881139347,-0.0027747146076183985,0.4892711371510701,1.0,1.2891645308441727e-91,1.2891645308441727e-91,1,,0.3946648836135864
reward_dense,double_dqn,train,0.0001,32,1000,256x256,u32,54,1,0.25925925925925924,increase_sleep,0.35185185185185186,False,0.35185185185185186,0.037037037037037035,0.14814814814814814,0.3148148148148148,0.037037037037037035,0.018518518518518517,0.35185185185185186,0.07407407407407407,0.14814814814814814,0.05555555555555555,0.35185185185185186,0.14814814814814814,0.12962962962962962,0.18518518518518517,0.16666666666666666,0.018518518518518517,0.0,True,1,0.012778493443832943,0.3571627252838678,3.0734460000229836e-05,4.084383717412215e-83,0.39723597943567407,0.007356221841401363,0.45830264157336276,1.0,1.028200850087804e-82,1.028200850087804e-82,1,,0.43865111470222473
reward_dense,double_dqn,train,0.0001,32,1000,256x256,u33,54,1,0.2037037037037037,increase_sleep,0.35185185185185186,False,0.35185185185185186,0.05555555555555555,0.16666666666666666,0.2037037037037037,0.05555555555555555,0.018518518518518517,0.35185185185185186,0.05555555555555555,0.16666666666666666,0.14814814814814814,0.5185185185185185,0.037037037037037035,0.037037037037037035,0.2037037037037037,0.12962962962962962,0.018518518518518517,0.05555555555555555,True,1,0.011966788418468004,0.3656436516730874,6.152001488420546e-05,8.756222406889697e-85,0.36940499927148324,0.006840833319842281,0.8409751277698768,1.0,2.370358393675818e-84,2.370358393675818e-84,1,,0.47066715359687805
reward_dense,double_dqn,train,0.0001,32,1000,256x256,u34,44,1,0.1590909090909091,increase_sleep,0.5227272727272727,False,0.5227272727272727,0.09090909090909091,0.11363636363636363,0.20454545454545456,0.09090909090909091,0.0,0.5227272727272727,0.045454545454545456,0.11363636363636363,0.022727272727272728,0.36363636363636365,0.1590909090909091,0.13636363636363635,0.022727272727272728,0.0,0.18181818181818182,0.13636363636363635,True,2,0.023227108952389906,0.42824517664584244,2.8655243023079826e-05,1.935166083285592e-16,0.38489334358230665,0.015190918035864304,0.4932864933728479,1.0,5.027798260355653e-16,1.0055596520711306e-15,2,,0.45854340493679047
reward_dense,double_dqn,train,0.0001,32,1000,256x256,u35,54,1,0.2777777777777778,none,0.3333333333333333,False,0.24074074074074073,0.07407407407407407,0.2037037037037037,0.3333333333333333,0.07407407407407407,0.018518518518518517,0.24074074074074073,0.05555555555555555,0.2037037037037037,0.07407407407407407,0.12962962962962962,0.2222222222222222,0.18518518518518517,0.07407407407407407,0.09259259259259259,0.14814814814814814,0.14814814814814814,True,1,0.01684845492619152,0.4535632249381807,0.011689349386580429,9.800191895986054e-78,0.2077360821346618,0.0038469644839752215,1.4826349605517661,1.0,4.717616600486971e-77,4.717616600486971e-77,1,,0.6367867588996887
reward_dense,double_dqn,train,0.0001,32,1000,256x256,u36,54,1,0.2777777777777778,none,0.3333333333333333,False,0.2777777777777778,0.09259259259259259,0.16666666666666666,0.3333333333333333,0.09259259259259259,0.018518518518518517,0.2777777777777778,0.07407407407407407,0.16666666666666666,0.037037037037037035,0.2222222222222222,0.1111111111111111,0.09259259259259259,0.1111111111111111,0.1111111111111111,0.18518518518518517,0.16666666666666666,True,1,0.010692754926721035,0.35142642735607094,0.009128797941200091,2.0207115210754312e-75,0.4360987163233125,0.008075902154135419,1.1010993057538503,1.0,4.633610339676687e-75,4.633610339676687e-75,1,,0.5756211876869202
reward_dense,double_dqn,train,0.0001,32,1000,256x256,u39,24,1,0.041666666666666664,increase_sleep,0.4583333333333333,False,0.4583333333333333,0.16666666666666666,0.16666666666666666,0.08333333333333333,0.16666666666666666,0.041666666666666664,0.4583333333333333,0.0,0.16666666666666666,0.08333333333333333,0.6666666666666666,0.0,0.041666666666666664,0.0,0.0,0.125,0.16666666666666666,True,3,0.02091507887719975,0.3464620020240545,-0.03642090778464566,5.3916431680612e-11,0.008691290863332778,-0.0027237399264520975,0.8500838684714429,1.0208893783508328,6.203501013650016e-09,1.8418110609757484e-08,3,,0.4116760492324829
reward_dense,double_dqn,train,0.0001,32,1000,256x256,u41,44,1,0.2727272727272727,increase_sleep,0.6136363636363636,False,0.6136363636363636,0.0,0.045454545454545456,0.25,0.0,0.0,0.6136363636363636,0.022727272727272728,0.045454545454545456,0.06818181818181818,0.5227272727272727,0.045454545454545456,0.09090909090909091,0.09090909090909091,0.06818181818181818,0.09090909090909091,0.09090909090909091,True,2,0.019382377553923066,0.40890641730617394,0.0021758937921518774,1.17940035622315e-13,0.2661101292688866,0.006255604324309221,0.43450923417600307,1.0,4.4320009894529204e-13,8.864001978905841e-13,2,,0.3982288986444473
reward_dense,double_dqn,train,0.0001,32,1000,256x256,u42,48,1,0.22916666666666666,increase_sleep,0.4583333333333333,False,0.4583333333333333,0.020833333333333332,0.125,0.25,0.020833333333333332,0.0625,0.4583333333333333,0.0,0.125,0.08333333333333333,0.3125,0.16666666666666666,0.1875,0.041666666666666664,0.041666666666666664,0.125,0.125,True,2,0.012853611878957357,0.3809160198822307,0.030813620617940313,0.10146246093745087,0.21646178744360806,0.0035479435711519066,1.4223950053895509,1.0,0.468731512086786,0.937463024173572,2,,0.8485742509365082
reward_dense,double_dqn,train,0.0001,32,1000,256x256,u43,49,1,0.14285714285714285,none,0.3469387755102041,False,0.3469387755102041,0.02040816326530612,0.1836734693877551,0.3469387755102041,0.02040816326530612,0.0,0.3469387755102041,0.061224489795918366,0.1836734693877551,0.04081632653061224,0.24489795918367346,0.20408163265306123,0.16326530612244897,0.061224489795918366,0.061224489795918366,0.12244897959183673,0.14285714285714285,True,2,0.019199227867342676,0.44623956966156864,-0.00847284020859896,-9.26285749574345e-06,-0.06226792733967303,0.011342528384544043,2.3794238993647987,1.0,0.00014875808287650785,0.0002975161657530157,2,,0.8856955766677856
reward_dense,double_dqn,train,0.0001,32,1000,256x256,u44,49,1,0.2857142857142857,increase_sleep,0.4489795918367347,False,0.4489795918367347,0.02040816326530612,0.061224489795918366,0.3469387755102041,0.02040816326530612,0.0,0.4489795918367347,0.04081632653061224,0.061224489795918366,0.08163265306122448,0.30612244897959184,0.12244897959183673,0.1836734693877551,0.10204081632653061,0.10204081632653061,0.08163265306122448,0.10204081632653061,True,2,0.02393659810833033,0.44927351115917674,0.049782439918394615,-1.9990386662734146e-05,-0.07307898395508527,0.01821153475794492,2.105805958807047,1.0,0.00027354494522009693,0.0005470898904401939,2,,1.063319593667984
reward_dense,double_dqn,train,0.0001,32,1000,256x256,u45,40,1,0.125,increase_sleep,0.325,False,0.325,0.1,0.15,0.225,0.1,0.025,0.325,0.1,0.15,0.075,0.45,0.175,0.175,0.0,0.025,0.075,0.1,True,4,0.012891656105333826,0.3773522997274995,0.05629934804768577,0.003901653168271925,0.3795974342730919,0.031169757347553312,1.262089834393354,1.210427628317667,0.01027839710177013,0.03715961750166837,4,,0.6258274093270302
reward_dense,double_dqn,train,0.0001,32,1000,256x256,u46,50,1,0.24,increase_sleep,0.36,False,0.36,0.1,0.08,0.32,0.1,0.02,0.36,0.02,0.08,0.1,0.32,0.18,0.2,0.1,0.06,0.04,0.1,True,2,0.01090036775563931,0.3463684773445129,-0.025391067168448623,-1.9079974801569615e-06,-0.058281909725815054,-0.011119053452882364,2.053715720435689,1.0,3.273738779551083e-05,6.547477559102165e-05,2,,0.9010375440120697
reward_dense,double_dqn,train,0.0001,32,1000,256x256,u47,36,1,0.19444444444444445,increase_sleep,0.3611111111111111,False,0.3611111111111111,0.0,0.19444444444444445,0.25,0.0,0.027777777777777776,0.3611111111111111,0.05555555555555555,0.19444444444444445,0.1111111111111111,0.3611111111111111,0.1388888888888889,0.1111111111111111,0.027777777777777776,0.027777777777777776,0.1388888888888889,0.19444444444444445,True,4,0.01808105143012047,0.43150337350865203,0.00029994372292026,-6.266770751917508e-09,-7.188154047205644e-08,0.0062121730160730184,0.6903442749866706,1.0000030677651837,0.08718192057046524,0.34872714737536087,4,,0.47009289637207985
reward_dense,double_dqn,train,0.0001,32,1000,256x256,u49,54,1,0.2777777777777778,increase_sleep,0.2962962962962963,False,0.2962962962962963,0.1111111111111111,0.14814814814814814,0.2222222222222222,0.1111111111111111,0.037037037037037035,0.2962962962962963,0.09259259259259259,0.14814814814814814,0.09259259259259259,0.42592592592592593,0.1111111111111111,0.07407407407407407,0.18518518518518517,0.12962962962962962,0.037037037037037035,0.037037037037037035,True,1,0.017005523902096482,0.44480117396624,2.560707154108729e-07,9.539685676537413e-80,0.36784286119796794,0.00681190483699941,0.3211590812097111,1.0,2.5934132975883107e-79,2.5934132975883107e-79,1,1.0,0.31858715415000916
reward_dense,double_dqn,train,0.0001,32,1000,256x256,u50,38,1,0.34210526315789475,none,0.47368421052631576,False,0.23684210526315788,0.07894736842105263,0.18421052631578946,0.47368421052631576,0.07894736842105263,0.0,0.23684210526315788,0.0,0.18421052631578946,0.02631578947368421,0.5526315789473685,0.13157894736842105,0.10526315789473684,0.0,0.02631578947368421,0.10526315789473684,0.07894736842105263,True,3,0.01888721428560446,0.33057824081104054,0.04533101694060435,3.0899583779756714e-07,1.8539736743488107e-07,0.013243132343939468,0.5499315831339575,1.0000014589598663,1.6666678824665553,5.0,3,,0.43685729304949444
reward_dense,double_dqn,train,0.0001,32,1000,256x256,u51,54,1,0.1111111111111111,none,0.3148148148148148,False,0.2777777777777778,0.07407407407407407,0.18518518518518517,0.3148148148148148,0.07407407407407407,0.0,0.2777777777777778,0.07407407407407407,0.18518518518518517,0.07407407407407407,0.2962962962962963,0.2222222222222222,0.14814814814814814,0.1111111111111111,0.12962962962962962,0.037037037037037035,0.05555555555555555,True,1,0.012199604492515052,0.4115881163764883,2.641429364738379e-05,-1.9242071236993527e-96,-0.1269848512582804,-0.002351571319597792,1.4063538830446267,1.0,1.5153044671333418e-95,1.5153044671333418e-95,1,,1.062833309173584
reward_dense,double_dqn,train,0.0001,32,1000,256x256,u52,54,1,0.16666666666666666,increase_sleep,0.5740740740740741,False,0.5740740740740741,0.018518518518518517,0.07407407407407407,0.16666666666666666,0.018518518518518517,0.0,0.5740740740740741,0.07407407407407407,0.07407407407407407,0.09259259259259259,0.5370370370370371,0.05555555555555555,0.018518518518518517,0.07407407407407407,0.037037037037037035,0.14814814814814814,0.12962962962962962,True,1,0.018926878760053282,0.43616078904381506,6.664968338891682e-05,1.311850667843458e-91,0.44885879853574595,0.008312199972884168,0.5999851845989534,1.0,2.922635519506221e-91,2.922635519506221e-91,1,,0.5782054662704468
reward_dense,double_dqn,train,0.0001,32,1000,256x256,u53,54,1,0.25925925925925924,none,0.2777777777777778,False,0.2777777777777778,0.018518518518518517,0.14814814814814814,0.2777777777777778,0.018518518518518517,0.037037037037037035,0.2777777777777778,0.09259259259259259,0.14814814814814814,0.14814814814814814,0.18518518518518517,0.16666666666666666,0.16666666666666666,0.14814814814814814,0.07407407407407407,0.1111111111111111,0.14814814814814814,True,1,0.01192832905010206,0.3889552428283625,2.7603092725323486e-05,4.545998390793984e-81,0.35288024752291275,0.0065348193985724605,0.8216184971596602,1.0,1.28825527149938e-80,1.28825527149938e-80,1,,0.4208550751209259
reward_dense,double_dqn,train,0.0001,32,1000,256x256,u54,46,1,0.2391304347826087,increase_sleep,0.32608695652173914,False,0.32608695652173914,0.08695652173913043,0.10869565217391304,0.2826086956521739,0.08695652173913043,0.06521739130434782,0.32608695652173914,0.043478260869565216,0.10869565217391304,0.08695652173913043,0.391304347826087,0.15217391304347827,0.15217391304347827,0.06521739130434782,0.06521739130434782,0.08695652173913043,0.08695652173913043,True,1,0.01085284960283942,0.3788662310689688,3.813850711075665e-05,-1.5405327245091453e-70,-0.13907180606399003,-0.0030233001318258645,0.410709291743011,1.0,1.1077246841824373e-69,1.1077246841824373e-69,1,,0.4108531177043915
reward_dense,double_dqn,train,0.0001,32,1000,256x256,u56,49,1,0.24489795918367346,none,0.32653061224489793,False,0.22448979591836735,0.16326530612244897,0.12244897959183673,0.32653061224489793,0.16326530612244897,0.02040816326530612,0.22448979591836735,0.02040816326530612,0.12244897959183673,0.12244897959183673,0.40816326530612246,0.16326530612244897,0.16326530612244897,0.02040816326530612,0.04081632653061224,0.10204081632653061,0.10204081632653061,True,2,0.01420859675557861,0.37568916811854863,0.0722569379378183,1.8336217204576163e-09,0.38513856641605043,0.009990500198246363,1.2975008521546256,1.0,4.760940296165576e-09,9.521880592331151e-09,2,,0.5798506885766983
reward_dense,double_dqn,train,0.0001,32,1000,256x256,u57,53,1,0.33962264150943394,increase_sleep,0.39622641509433965,False,0.39622641509433965,0.1320754716981132,0.05660377358490566,0.3584905660377358,0.1320754716981132,0.018867924528301886,0.39622641509433965,0.0,0.05660377358490566,0.03773584905660377,0.16981132075471697,0.1320754716981132,0.09433962264150944,0.22641509433962265,0.16981132075471697,0.09433962264150944,0.11320754716981132,True,1,0.016096391648578953,0.4873847019559932,-0.003610130457185026,5.1969860444641965e-65,0.12455982454190365,0.002350185368715162,1.2823896634056915,1.0,4.172281121603426e-64,4.172281121603426e-64,1,1.0,0.3934529423713684
reward_dense,double_dqn,train,0.0001,32,1000,256x256,u58,52,1,0.2692307692307692,none,0.3076923076923077,False,0.2692307692307692,0.11538461538461539,0.07692307692307693,0.3076923076923077,0.11538461538461539,0.0,0.2692307692307692,0.11538461538461539,0.07692307692307693,0.11538461538461539,0.19230769230769232,0.21153846153846154,0.17307692307692307,0.11538461538461539,0.1346153846153846,0.11538461538461539,0.057692307692307696,True,1,0.04103267312481106,0.5542869308533577,4.44146174698932e-07,6.060691680962855e-76,1.1258617268526143,0.021651187054857978,0.7317656299728499,1.0,5.383158105841052e-76,5.383158105841052e-76,1,2.0,0.7344145774841309
reward_dense,double_dqn,train,0.0001,32,1000,256x256,u59,52,1,0.3269230769230769,increase_sleep,0.34615384615384615,False,0.34615384615384615,0.07692307692307693,0.07692307692307693,0.28846153846153844,0.07692307692307693,0.0,0.34615384615384615,0.11538461538461539,0.07692307692307693,0.09615384615384616,0.28846153846153844,0.11538461538461539,0.11538461538461539,0.21153846153846154,0.15384615384615385,0.07692307692307693,0.038461538461538464,True,1,0.03926634853272704,0.5575078039770373,0.07765950847453668,3.4841232194320103e-66,1.2940976954580987,0.024886494143424982,2.6001432055304594,1.0,2.692318541065528e-66,2.692318541065528e-66,1,0.14285714285714285,0.8843153119087219
reward_dense,double_dqn,val,0.0001,32,1000,256x256,u00,8,1,0.0,increase_sleep,0.375,False,0.375,0.0,0.125,0.0,0.0,0.0,0.375,0.375,0.125,0.125,0.125,0.25,0.125,0.125,0.0,0.25,0.125,False,1,0.0788822679896839,0.6865362673997879,-0.00045963238686325315,8.861925644445662e-18,0.17244378943789107,0.021555473679736384,0.5313947086433869,1.0,5.1390227930693055e-17,5.1390227930693055e-17,1,,0.5410528182983398
reward_dense,double_dqn,val,0.0001,32,1000,256x256,u01,8,1,0.25,none,0.5,False,0.375,0.0,0.125,0.5,0.0,0.0,0.375,0.0,0.125,0.0,0.375,0.125,0.125,0.0,0.0,0.125,0.25,False,1,0.03123607702764275,0.6537694036960602,0.004748775954845432,-1.9005686999607306e-13,-0.09910625129658507,-0.01238828141207314,1.0319560569448192,1.0,1.9177081920625716e-12,1.9177081920625716e-12,1,,0.3804066479206085
reward_dense,double_dqn,val,0.0001,32,1000,256x256,u02,8,1,0.125,increase_sleep,0.75,False,0.75,0.125,0.0,0.0,0.125,0.0,0.75,0.125,0.0,0.0,0.125,0.25,0.125,0.0,0.0,0.375,0.125,False,1,0.004662212884795736,0.3311759978532791,0.00016616119211182987,-3.294104943728553e-16,-0.05673832131054396,-0.0070922901638179915,0.26756344026054346,1.0,5.805784992649039e-15,5.805784992649039e-15,1,,0.2704992890357971
reward_dense,double_dqn,val,0.0001,32,1000,256x256,u03,1,1,0.0,increase_activity,1.0,False,0.0,1.0,0.0,0.0,1.0,0.0,0.0,0.0,0.0,0.0,1.0,0.0,0.0,0.0,0.0,0.0,0.0,False,1,0.1620282530784607,0.5301090478897095,0.0,0.0,0.0,0.0,-1.4897361310464996,1.0,5.0,5.0,1,,0.5301090478897095
reward_dense,double_dqn,val,0.0001,32,1000,256x256,u04,5,1,0.2,none,0.6,False,0.2,0.0,0.0,0.6,0.0,0.0,0.2,0.2,0.0,0.0,0.2,0.2,0.4,0.0,0.0,0.0,0.2,False,1,0.0573509581138751,0.3255998194217682,0.00019757366650018036,-5.471959849761051e-09,-0.23370358623694973,-0.04674071724738995,0.3090267991043187,1.0,2.341410304338713e-08,2.341410304338713e-08,1,,0.3114360272884369
reward_dense,double_dqn,val,0.0001,32,1000,256x256,u05,9,1,0.2222222222222222,increase_sleep,0.4444444444444444,False,0.4444444444444444,0.2222222222222222,0.1111111111111111,0.2222222222222222,0.2222222222222222,0.0,0.4444444444444444,0.0,0.1111111111111111,0.0,0.2222222222222222,0.2222222222222222,0.1111111111111111,0.0,0.0,0.3333333333333333,0.1111111111111111,False,1,0.09930533785639757,0.5513223045402103,0.00014086253174874517,-6.812889519643081e-15,-0.4715989828263261,-0.052399886980702894,0.4624928721313602,1.0,1.444636177714581e-14,1.444636177714581e-14,1,,0.4746623933315277
reward_dense,double_dqn,val,0.0001,32,1000,256x256,u08,9,1,0.0,none,0.3333333333333333,False,0.2222222222222222,0.0,0.2222222222222222,0.3333333333333333,0.0,0.0,0.2222222222222222,0.2222222222222222,0.2222222222222222,0.0,0.1111111111111111,0.1111111111111111,0.1111111111111111,0.1111111111111111,0.0,0.2222222222222222,0.3333333333333333,False,1,0.1204597359109256,0.4897637002997928,-0.0002509932544937899,-3.70335484824208e-20,-0.05449099792580642,-0.00605455532508959,0.14491608415665502,1.0,6.796269088858449e-19,6.796269088858449e-19,1,,0.14951196312904358
reward_dense,double_dqn,val,0.0001,32,1000,256x256,u09,9,1,0.2222222222222222,none,0.3333333333333333,False,0.2222222222222222,0.1111111111111111,0.2222222222222222,0.3333333333333333,0.1111111111111111,0.1111111111111111,0.2222222222222222,0.0,0.2222222222222222,0.0,0.2222222222222222,0.2222222222222222,0.1111111111111111,0.0,0.0,0.2222222222222222,0.2222222222222222,False,1,0.02825356722718829,0.30280833277437424,0.010209311670223573,-7.333775172125621e-16,-0.09350383675843237,-0.010389315195381388,0.2526208948204681,1.0,7.843287961618587e-15,7.843287961618587e-15,1,,0.18863554298877716
reward_dense,double_dqn,val,0.0001,32,1000,256x256,u10,9,1,0.0,increase_sleep,0.2222222222222222,False,0.2222222222222222,0.1111111111111111,0.2222222222222222,0.1111111111111111,0.1111111111111111,0.1111111111111111,0.2222222222222222,0.1111111111111111,0.2222222222222222,0.1111111111111111,0.2222222222222222,0.3333333333333333,0.2222222222222222,0.0,0.1111111111111111,0.0,0.1111111111111111,False,1,0.05304469087988966,0.4288551906744639,-0.00022438151096578117,-1.1753785689815515e-19,-0.520878474613549,-0.057875386068172094,0.5037359086902718,1.0,2.2565312760401367e-19,2.2565312760401367e-19,1,,0.5123410820960999
reward_dense,double_dqn,val,0.0001,32,1000,256x256,u12,9,1,0.0,increase_sleep,0.5555555555555556,False,0.5555555555555556,0.0,0.1111111111111111,0.2222222222222222,0.0,0.0,0.5555555555555556,0.1111111111111111,0.1111111111111111,0.0,0.2222222222222222,0.1111111111111111,0.1111111111111111,0.0,0.0,0.2222222222222222,0.3333333333333333,False,1,0.019138992475846963,0.4369852575990889,-0.00021189995507520955,-5.7543596863028e-19,-0.2503002257917554,-0.027811136199083927,0.31191354663014786,1.0,2.2989830185332343e-18,2.2989830185332343e-18,1,,0.3180101215839386
reward_dense,double_dqn,val,0.0001,32,1000,256x256,u13,9,1,0.3333333333333333,none,0.6666666666666666,False,0.2222222222222222,0.0,0.1111111111111111,0.6666666666666666,0.0,0.0,0.2222222222222222,0.0,0.1111111111111111,0.0,0.4444444444444444,0.1111111111111111,0.2222222222222222,0.0,0.0,0.1111111111111111,0.1111111111111111,False,1,0.010717193218523689,0.2665541602505578,-0.008228313781986626,-1.843984585850219e-12,-0.15737455200912945,-0.01748606133434772,0.15249545354404925,1.0,1.1717171310792661e-11,1.1717171310792661e-11,1,,0.19051797688007355
reward_dense,double_dqn,val,0.0001,32,1000,256x256,u14,8,1,0.25,increase_sleep,0.5,False,0.5,0.0,0.25,0.25,0.0,0.0,0.5,0.0,0.25,0.0,0.375,0.0,0.0,0.0,0.0,0.25,0.375,False,1,0.18405204761074856,0.6648298539221287,0.023170470819434696,-4.903445842733731e-13,-0.27938758593503465,-0.034923448241879325,1.385136741922122,1.0,1.75506933363672e-12,1.75506933363672e-12,1,,0.5434941649436951
reward_dense,double_dqn,val,0.0001,32,1000,256x256,u16,8,1,0.125,none,0.375,False,0.375,0.0,0.0,0.375,0.0,0.0,0.375,0.25,0.0,0.0,0.125,0.0,0.125,0.125,0.375,0.25,0.0,False,1,1.2120566403027624,0.7565004508942366,-0.0005853645367077787,1.2783370878265517e-13,1.3200132550298331,0.16500165687872914,0.5492434602139474,1.0,9.684274630997251e-14,9.684274630997251e-14,1,,0.559455931186676
reward_dense,double_dqn,val,0.0001,32,1000,256x256,u17,8,1,0.625,increase_sleep,0.5,False,0.5,0.125,0.0,0.125,0.125,0.0,0.5,0.125,0.0,0.125,0.125,0.25,0.125,0.25,0.125,0.0,0.125,False,1,0.06603800925950054,0.5271248836070299,0.3836751561133104,3.5787975340433445e-06,1.4203442447126133,0.17754303058907667,1.5902425086893675,1.0,2.5196691206134073e-06,2.5196691206134073e-06,1,1.0,0.9250451922416687
reward_dense,double_dqn,val,0.0001,32,1000,256x256,u18,8,1,0.0,increase_sleep,0.875,False,0.875,0.0,0.0,0.125,0.0,0.0,0.875,0.0,0.0,0.0,0.5,0.0,0.0,0.0,0.0,0.25,0.25,False,1,0.062261013072770766,0.5630728751420975,-0.0002682488012925778,-2.208727975836056e-17,-0.2591936741119403,-0.032399209263992534,0.4954638306101262,1.0,8.52153503901547e-17,8.52153503901547e-17,1,,0.503551185131073
reward_dense,double_dqn,val,0.0001,32,1000,256x256,u19,8,1,0.0,decrease_social,0.375,False,0.25,0.25,0.0,0.125,0.25,0.0,0.25,0.0,0.0,0.375,0.25,0.125,0.0,0.125,0.125,0.25,0.125,False,1,0.13887484406450312,0.5444659516215324,-0.0012299859001526344,5.198089638803478e-17,0.28168336752030443,0.03521042094003807,0.41399141847661525,1.0,1.8453661941643702e-16,1.8453661941643702e-16,1,,0.4244386851787567
reward_dense,double_dqn,val,0.0001,32,1000,256x256,u20,5,1,0.4,increase_sleep,0.6,False,0.6,0.2,0.2,0.0,0.2,0.0,0.6,0.0,0.2,0.0,0.2,0.2,0.2,0.0,0.0,0.2,0.2,False,1,0.03194212503731251,0.37413328886032104,0.038740094659760305,1.0010912779043993e-08,0.01960204707384185,0.00392040941476837,0.32128716221878356,1.0,5.107075164819472e-07,5.107075164819472e-07,1,,0.3841186761856079
reward_dense,double_dqn,val,0.0001,32,1000,256x256,u22,8,1,0.0,increase_sleep,0.625,False,0.625,0.0,0.0,0.125,0.0,0.0,0.625,0.25,0.0,0.0,0.125,0.0,0.375,0.0,0.0,0.25,0.25,False,1,0.018215919699287042,0.3607250927016139,-0.0002724248122520741,-4.3552248668050124e-17,-0.2232961481531367,-0.027912018519142087,0.11775170363639244,1.0,1.9504254340375792e-16,1.9504254340375792e-16,1,,0.12204494327306747
reward_dense,double_dqn,val,0.0001,32,1000,256x256,u23,6,1,0.0,increase_sleep,0.8333333333333334,False,0.8333333333333334,0.0,0.0,0.16666666666666666,0.0,0.0,0.8333333333333334,0.0,0.0,0.0,0.6666666666666666,0.0,0.0,0.0,0.0,0.16666666666666666,0.16666666666666666,False,1,0.03682267611535887,0.47580577433109283,0.00024290255769857498,8.622381944530634e-14,0.07261638499565123,0.01210273083260854,0.5272629877318731,1.0,1.1873879352500129e-12,1.1873879352500129e-12,1,,0.5319212675094604
reward_dense,double_dqn,val,0.0001,32,1000,256x256,u25,1,1,0.0,increase_activity,1.0,False,0.0,1.0,0.0,0.0,1.0,0.0,0.0,0.0,0.0,0.0,1.0,0.0,0.0,0.0,0.0,0.0,0.0,False,1,0.3991152048110962,0.6674041748046875,0.0,0.0,0.0,0.0,0.6442288720137018,1.0,0.025569501474409586,0.025569501474409586,1,,0.6674041748046875
reward_dense,double_dqn,val,0.0001,32,1000,256x256,u27,8,1,0.125,increase_sleep,0.375,False,0.375,0.0,0.375,0.0,0.0,0.0,0.375,0.125,0.375,0.125,0.75,0.125,0.0,0.125,0.0,0.0,0.0,False,1,0.00985861144363298,0.3599648531526327,-2.6020734739186472e-05,4.0971751046614865e-15,0.3266298521976905,0.04082873152471131,0.48291037274554116,1.0,1.2543786420910785e-14,1.2543786420910785e-14,1,,0.4887760281562805
reward_dense,double_dqn,val,0.0001,32,1000,256x256,u30,6,1,0.3333333333333333,none,0.3333333333333333,False,0.3333333333333333,0.0,0.16666666666666666,0.3333333333333333,0.0,0.0,0.3333333333333333,0.0,0.16666666666666666,0.16666666666666666,0.6666666666666666,0.0,0.0,0.0,0.0,0.16666666666666666,0.16666666666666666,False,1,0.05682673561386764,1.0436132897933323,0.918432095942121,0.09757404585591099,0.9321105753499963,0.15535176255833272,5.2099435002879755,1.0,0.10468076260080314,0.10468076260080314,1,,1.661371111869812
reward_dense,double_dqn,val,0.0001,32,1000,256x256,u31,8,1,0.125,increase_sleep,0.375,False,0.375,0.0,0.25,0.25,0.0,0.0,0.375,0.0,0.25,0.125,0.375,0.25,0.25,0.0,0.0,0.125,0.0,False,1,0.009528722382782462,0.2935918793082237,-7.097144204651304e-05,6.372261892448639e-16,0.2515957308187352,0.0314494663523419,0.3385055211251873,1.0,2.5327384815760653e-15,2.5327384815760653e-15,1,,0.34258171916007996
reward_dense,double_dqn,val,0.0001,32,1000,256x256,u32,8,1,0.25,none,0.5,False,0.125,0.125,0.0,0.5,0.125,0.125,0.125,0.125,0.0,0.0,0.125,0.5,0.25,0.0,0.125,0.0,0.0,False,1,0.03448328507309384,0.46662833355367184,0.0001105112989539234,-2.371389963005274e-13,-0.2708499788139071,-0.033856247351738394,0.17865481152018817,1.0,8.75536329517155e-13,8.75536329517155e-13,1,,0.18061286211013794
reward_dense,double_dqn,val,0.0001,32,1000,256x256,u33,5,1,0.0,increase_sleep,0.6,False,0.6,0.0,0.0,0.2,0.0,0.0,0.6,0.2,0.0,0.0,0.4,0.0,0.0,0.0,0.2,0.0,0.4,False,2,0.17899766350165008,0.553499162197113,-8.445724972059641e-05,-9.412677125310728e-06,-0.19049681706222213,-0.13542848469347712,0.49858681812704503,1.0087006112991759,4.9411204189497076e-05,9.839435476045598e-05,2,,0.5078812390565872
reward_dense,double_dqn,val,0.0001,32,1000,256x256,u34,2,1,0.0,none,0.5,False,0.5,0.0,0.0,0.5,0.0,0.0,0.5,0.0,0.0,0.0,0.5,0.5,0.0,0.0,0.0,0.0,0.0,False,1,0.025408587884157896,0.1883426383137703,-4.239903498320308e-06,-8.479806996640615e-06,-0.029545900225639344,-0.014772950112819674,0.14546219699410085,1.0,0.0002870045228570158,0.0002870045228570158,1,,0.14932379126548767
reward_dense,double_dqn,val,0.0001,32,1000,256x256,u35,8,1,0.375,none,0.25,False,0.25,0.125,0.25,0.25,0.125,0.0,0.25,0.0,0.25,0.125,0.375,0.125,0.125,0.0,0.0,0.125,0.25,False,1,0.023165418080679956,0.5834651365876198,-0.002468619645899135,2.953168215553585e-10,0.3002831625726816,0.0375353953215852,0.6137221500165607,1.0,9.83461140562215e-10,9.83461140562215e-10,1,,0.6317161917686462
reward_dense,double_dqn,val,0.0001,32,1000,256x256,u36,8,1,0.125,none,0.375,False,0.25,0.125,0.125,0.375,0.125,0.0,0.25,0.0,0.125,0.125,0.25,0.125,0.0,0.0,0.125,0.25,0.25,False,1,0.022180268491865718,0.41561325266957283,-0.00027929246546888587,-4.5786203230981054e-15,-0.2827323100797604,-0.035341538759970044,0.29683330592162344,1.0,1.6194188495140334e-14,1.6194188495140334e-14,1,,0.3068050742149353
reward_dense,double_dqn,val,0.0001,32,1000,256x256,u41,5,1,0.4,increase_sleep,0.6,False,0.6,0.0,0.2,0.2,0.0,0.0,0.6,0.0,0.2,0.0,0.6,0.0,0.0,0.0,0.0,0.2,0.2,False,1,0.023802260216325522,0.26323057115077975,0.3179685188239182,1.3640442597822249e-06,0.14139310212520637,0.028278620425041284,1.2072789500864463,1.0,9.647176837342015e-06,9.647176837342015e-06,1,,0.3037054240703583
reward_dense,double_dqn,val,0.0001,32,1000,256x256,u42,4,1,0.75,none,0.25,False,0.25,0.0,0.25,0.25,0.0,0.0,0.25,0.0,0.25,0.25,0.25,0.25,0.0,0.0,0.0,0.25,0.25,False,1,0.20719401724636555,0.694845162332058,-0.01664277045797317,0.0051707666192971095,0.07400752809721603,0.018501882024304007,-0.0317036121515801,1.0,0.06986811682866652,0.06986811682866652,1,,0.3716599643230438
reward_dense,double_dqn,val,0.0001,32,1000,256x256,u43,6,1,0.16666666666666666,none,0.6666666666666666,False,0.16666666666666666,0.0,0.0,0.6666666666666666,0.0,0.0,0.16666666666666666,0.16666666666666666,0.0,0.0,0.16666666666666666,0.16666666666666666,0.16666666666666666,0.0,0.0,0.3333333333333333,0.16666666666666666,False,1,0.023382888505390536,0.32512280344963074,-0.000884533272111394,-1.2125229542462707e-12,-0.012646236378547013,-0.002107706063091165,0.23444676597055256,1.0,9.588014314703038e-11,9.588014314703038e-11,1,,0.23971830308437347
reward_dense,double_dqn,val,0.0001,32,1000,256x256,u44,8,1,0.25,none,0.375,False,0.375,0.125,0.0,0.375,0.125,0.0,0.375,0.125,0.0,0.0,0.875,0.0,0.125,0.0,0.0,0.0,0.0,False,1,0.017936524235210527,0.3279702141880989,0.00014097034813345883,-1.179977471388208e-16,-7.977226609906518e-05,-9.97153326238575e-06,0.4010162047764375,1.0,1.4791825895015358e-12,1.4791825895015358e-12,1,,0.4027153551578522
reward_dense,double_dqn,val,0.0001,32,1000,256x256,u45,7,1,0.2857142857142857,none,0.42857142857142855,False,0.14285714285714285,0.14285714285714285,0.0,0.42857142857142855,0.14285714285714285,0.0,0.14285714285714285,0.14285714285714285,0.0,0.14285714285714285,0.14285714285714285,0.14285714285714285,0.2857142857142857,0.0,0.0,0.14285714285714285,0.2857142857142857,False,1,0.04325117792245692,0.48291921615600586,-0.03141622375808823,-5.595769159734275e-11,-0.24886752416363275,-0.035552503451947534,0.4100640089448529,1.0,2.2484931204020834e-10,2.2484931204020834e-10,1,,0.4483932554721832
reward_dense,double_dqn,val,0.0001,32,1000,256x256,u46,6,1,0.16666666666666666,none,0.5,False,0.3333333333333333,0.0,0.16666666666666666,0.5,0.0,0.0,0.3333333333333333,0.0,0.16666666666666666,0.0,0.5,0.3333333333333333,0.16666666666666666,0.0,0.0,0.0,0.0,False,1,0.03225142960824693,0.3982437302668889,-0.0016410491521032442,-1.3561574684332014e-12,-0.019321435606404612,-0.003220239267734095,0.38096822101264627,1.0,7.018927040719823e-11,7.018927040719823e-11,1,,0.33501312136650085
reward_dense,double_dqn,val,0.0001,32,1000,256x256,u47,8,1,0.125,none,0.25,False,0.125,0.0,0.125,0.25,0.0,0.0,0.125,0.25,0.125,0.25,0.25,0.25,0.25,0.125,0.0,0.125,0.0,False,1,0.15096233313670382,0.6264624884352088,6.417075247198788e-05,3.0703371529553927e-15,0.5057573835782037,0.06321967294727547,0.9168951973221805,1.0,6.070770793760713e-15,6.070770793760713e-15,1,,0.9373554587364197
reward_dense,double_dqn,val,0.0001,32,1000,256x256,u49,8,1,0.375,none,0.25,False,0.0,0.125,0.125,0.25,0.125,0.0,0.0,0.25,0.125,0.25,0.375,0.25,0.125,0.125,0.125,0.0,0.0,False,1,0.20435257436838583,0.6523436345160007,-0.005543444975510057,1.6203012413849e-10,0.6410962513716074,0.08013703142145093,1.1474110729889093,1.0,2.527391538974547e-10,2.527391538974547e-10,1,0.0,0.32346078753471375
reward_dense,double_dqn,val,0.0001,32,1000,256x256,u51,8,1,0.0,increase_sleep,0.375,False,0.375,0.0,0.25,0.125,0.0,0.0,0.375,0.25,0.25,0.0,0.25,0.25,0.25,0.125,0.0,0.0,0.125,False,1,0.09366069604720906,0.44079395942389965,0.0007123624793629619,1.5598082278348288e-15,1.0071271629977803,0.12589089537472253,0.5468837586634108,1.0,1.5487698923658825e-15,1.5487698923658825e-15,1,,0.5458332300186157
reward_dense,double_dqn,val,0.0001,32,1000,256x256,u52,8,1,0.125,increase_social,0.375,False,0.25,0.0,0.375,0.125,0.0,0.125,0.25,0.125,0.375,0.0,0.625,0.25,0.125,0.0,0.0,0.0,0.0,False,1,0.027463381135021336,0.32077140733599663,0.00023054479099858302,8.349812955946678e-16,0.27640753432105697,0.034550941790132114,0.3207205086107491,1.0,3.0208340653435587e-15,3.0208340653435587e-15,1,,0.3257063925266266
reward_dense,double_dqn,val,0.0001,32,1000,256x256,u53,7,1,0.14285714285714285,increase_sleep,0.42857142857142855,False,0.42857142857142855,0.14285714285714285,0.0,0.2857142857142857,0.14285714285714285,0.0,0.42857142857142855,0.14285714285714285,0.0,0.0,0.0,0.0,0.0,0.0,0.14285714285714285,0.42857142857142855,0.42857142857142855,False,1,0.07120404259226884,0.8012905716896057,-0.03469440606907888,-3.4432491757494945e-13,-0.45343709709110674,-0.0647767281558724,0.5504363551496675,1.0,7.593664474827167e-13,7.593664474827167e-13,1,,0.4887743592262268
reward_dense,double_dqn,val,0.0001,32,1000,256x256,u56,8,1,0.375,decrease_sleep,0.25,False,0.125,0.125,0.125,0.125,0.125,0.0,0.125,0.25,0.125,0.25,0.375,0.125,0.25,0.125,0.125,0.0,0.0,False,1,0.06180680264515104,0.4587611947208643,0.00025283213201851155,-1.5922416963792892e-12,-0.013789581373287813,-0.00172369767166098,0.6279368205310408,1.0,1.1546700753829014e-10,1.1546700753829014e-10,1,,0.639589250087738
reward_dense,double_dqn,val,0.0001,32,1000,256x256,u57,8,1,0.125,none,0.375,False,0.0,0.0,0.125,0.375,0.0,0.0,0.0,0.25,0.125,0.25,0.125,0.125,0.0,0.25,0.25,0.125,0.125,False,1,0.2141485429401655,0.5852159205824137,0.00043030947678629233,1.2402419422525561e-14,1.3668397097583278,0.17085496371979098,0.5597027301061135,1.0,9.073792145472891e-15,9.073792145472891e-15,1,2.0,0.5653925538063049
reward_dense,double_dqn,val,0.0001,32,1000,256x256,u58,8,1,0.375,decrease_social,0.375,False,0.125,0.25,0.0,0.125,0.25,0.0,0.125,0.125,0.0,0.375,0.125,0.25,0.25,0.125,0.25,0.0,0.0,False,1,0.6722977482713759,0.7255094051361084,-7.045966665433465e-05,2.610405198157255e-10,0.5727235841363598,0.07159044801704496,0.6591947602254556,1.0,4.557879700542843e-10,4.557879700542843e-10,1,-1.0,0.6683683395385742
reward_dense,double_dqn,val,0.0001,32,1000,256x256,u59,8,1,0.125,decrease_social,0.625,False,0.0,0.125,0.0,0.0,0.125,0.0,0.0,0.25,0.0,0.625,0.375,0.0,0.0,0.25,0.125,0.125,0.125,False,1,0.30981453536151093,0.7751432731747627,3.223033759128038e-05,-2.0923208242690934e-14,-0.2917799565723683,-0.03647249457154604,0.5557909651302814,1.0,7.170886063759312e-14,7.170886063759312e-14,1,0.3333333730697632,0.553363025188446
reward_dense,double_dqn,test,0.0001,32,1000,256x256,u00,20,1,0.3,none,0.4,False,0.35,0.1,0.15,0.4,0.1,0.0,0.35,0.0,0.15,0.0,0.35,0.05,0.0,0.05,0.1,0.25,0.2,True,1,0.04077440178559755,0.5123789668083191,-0.0001107628935303368,-8.447051340707628e-29,-0.28659690817580574,-0.014329845408790277,0.20275366527572614,1.0,2.9473630383779277e-28,2.9473630383779277e-28,1,,0.20694595575332642
reward_dense,double_dqn,test,0.0001,32,1000,256x256,u01,3,1,0.0,increase_sleep,0.3333333333333333,False,0.3333333333333333,0.0,0.3333333333333333,0.0,0.0,0.0,0.3333333333333333,0.3333333333333333,0.3333333333333333,0.0,0.3333333333333333,0.3333333333333333,0.3333333333333333,0.0,0.0,0.0,0.0,False,1,0.017392856806206208,0.37490594387054443,0.0004409461346596081,2.0895726496114778e-07,0.10221202969551085,0.034070676565170294,0.4098167931335809,1.0,2.044350998445393e-06,2.044350998445393e-06,1,,0.4140760898590088
reward_dense,double_dqn,test,0.0001,32,1000,256x256,u02,6,1,0.0,increase_social,0.8333333333333334,False,0.0,0.0,0.8333333333333334,0.0,0.0,0.0,0.0,0.16666666666666666,0.8333333333333334,0.0,0.5,0.16666666666666666,0.3333333333333333,0.0,0.0,0.0,0.0,False,1,0.016918227930242818,0.15273385448381305,-0.00015240259216436764,6.714880200461067e-14,0.06143954818335015,0.010239924697225018,-0.008233773482450673,1.0,1.0929247364290954e-12,1.0929247364290954e-12,1,,-0.006666995584964752
reward_dense,double_dqn,test,0.0001,32,1000,256x256,u05,3,1,0.3333333333333333,none,0.3333333333333333,False,0.3333333333333333,0.0,0.3333333333333333,0.3333333333333333,0.0,0.0,0.3333333333333333,0.0,0.3333333333333333,0.0,0.0,0.3333333333333333,0.0,0.0,0.0,0.3333333333333333,0.3333333333333333,False,1,0.053901082215209804,1.2536994814872742,0.0009572062607166881,2.691729328190844e-05,0.4888891246795654,0.16296304155985514,1.3032614479493851,1.0,5.505807334035289e-05,5.505807334035289e-05,1,,1.3313907384872437
reward_dense,double_dqn,test,0.0001,32,1000,256x256,u08,4,1,0.5,increase_sleep,0.5,False,0.5,0.25,0.0,0.0,0.25,0.25,0.5,0.0,0.0,0.0,0.0,0.5,0.25,0.0,0.0,0.0,0.25,False,1,0.038971288784523495,0.2736209686845541,0.03470515505269111,-1.4503072661156903e-05,-0.17790129619533568,-0.044475324048833906,0.37302273030434235,1.0,8.15231421654878e-05,8.15231421654878e-05,1,,0.38898539543151855
reward_dense,double_dqn,test,0.0001,32,1000,256x256,u09,8,1,0.125,none,0.375,False,0.0,0.125,0.0,0.375,0.125,0.0,0.0,0.25,0.0,0.25,0.0,0.25,0.25,0.0,0.0,0.25,0.25,False,1,0.1601589325146051,0.6403837176039815,0.047352849581777205,-4.185103033470107e-16,-0.21625503743572738,-0.027031879679465923,0.49495691460214086,1.0,1.9352626801648267e-15,1.9352626801648267e-15,1,,0.4814842641353607
reward_dense,double_dqn,test,0.0001,32,1000,256x256,u10,7,1,0.0,none,0.5714285714285714,False,0.14285714285714285,0.2857142857142857,0.0,0.5714285714285714,0.2857142857142857,0.0,0.14285714285714285,0.0,0.0,0.0,0.0,0.14285714285714285,0.42857142857142855,0.14285714285714285,0.0,0.14285714285714285,0.14285714285714285,False,1,0.09324841172201559,0.6122905101094928,1.9214989631085636e-05,-2.7477925399495855e-16,-0.21847533927442186,-0.031210762753488833,0.654643037871844,1.0,1.2577129066718814e-15,1.2577129066718814e-15,1,,0.6601763367652893
reward_dense,double_dqn,test,0.0001,32,1000,256x256,u12,8,1,0.0,increase_sleep,0.625,False,0.625,0.0,0.0,0.375,0.0,0.0,0.625,0.0,0.0,0.0,0.25,0.0,0.0,0.0,0.0,0.25,0.5,False,1,0.03363509250084462,0.47411884367465973,-0.00024511380730973245,-2.0763346995954965e-16,-0.20505457940778968,-0.02563182242597371,0.26288581198653316,1.0,1.0125766055028274e-15,1.0125766055028274e-15,1,,0.26693958044052124
reward_dense,double_dqn,test,0.0001,32,1000,256x256,u13,12,1,0.16666666666666666,increase_sleep,0.5,False,0.5,0.08333333333333333,0.08333333333333333,0.3333333333333333,0.08333333333333333,0.0,0.5,0.0,0.08333333333333333,0.0,0.3333333333333333,0.16666666666666666,0.08333333333333333,0.0,0.0,0.16666666666666666,0.25,False,2,0.03872584712432096,0.4451651908457279,0.08748411833966213,9.901529822286311e-06,0.07678227727720181,-0.04914178075926252,0.8741790050623035,1.0000000683491301,0.0001289559280267176,0.00025791184723941,2,,0.5723541676998138
reward_dense,double_dqn,test,0.0001,32,1000,256x256,u14,4,1,0.25,increase_sleep,0.5,False,0.5,0.0,0.25,0.25,0.0,0.0,0.5,0.0,0.25,0.0,0.25,0.0,0.0,0.0,0.0,0.5,0.25,False,1,0.1454362473450601,0.9967331737279892,0.0005121066345757813,2.9396628261057596e-07,0.518652832791023,0.12966320819775573,1.0206178952637444,1.0,5.667881558241129e-07,5.667881558241129e-07,1,,1.0296059846878052
reward_dense,double_dqn,test,0.0001,32,1000,256x256,u15,6,1,0.6666666666666666,none,0.3333333333333333,False,0.3333333333333333,0.0,0.16666666666666666,0.3333333333333333,0.0,0.16666666666666666,0.3333333333333333,0.0,0.16666666666666666,0.0,0.3333333333333333,0.0,0.0,0.16666666666666666,0.0,0.3333333333333333,0.16666666666666666,False,1,0.05463661156439533,0.6333913008371989,-0.01217554396695853,0.0003206367364585767,0.5291241623769533,0.08818736039615888,0.39255510542348115,1.0,0.0006059763648256001,0.0006059763648256001,1,,0.7304432988166809
reward_dense,double_dqn,test,0.0001,32,1000,256x256,u16,4,1,0.25,increase_activity,0.25,False,0.25,0.25,0.0,0.0,0.25,0.0,0.25,0.25,0.0,0.25,0.0,0.25,0.5,0.0,0.0,0.0,0.25,False,1,0.04814368474762887,0.7705085724592209,0.021034436115245286,7.093585239679067e-06,0.27069741090631483,0.06767435272657871,0.8392410741442468,1.0,2.620485070739769e-05,2.620485070739769e-05,1,,0.7950832843780518
reward_dense,double_dqn,test,0.0001,32,1000,256x256,u17,7,1,0.14285714285714285,increase_activity,0.42857142857142855,False,0.2857142857142857,0.42857142857142855,0.0,0.0,0.42857142857142855,0.0,0.2857142857142857,0.2857142857142857,0.0,0.0,0.42857142857142855,0.2857142857142857,0.2857142857142857,0.0,0.0,0.0,0.0,False,1,0.19112551055981644,0.36770305037498474,-9.152507074282413e-05,5.350598684094347e-13,0.5895529320595007,0.0842218474370715,0.1225935608196715,1.0,9.075688361692919e-13,9.075688361692919e-13,1,,0.1271168738603592
reward_dense,double_dqn,test,0.0001,32,1000,256x256,u18,4,1,0.25,increase_sleep,0.75,False,0.75,0.0,0.0,0.25,0.0,0.0,0.75,0.0,0.0,0.0,1.0,0.0,0.0,0.0,0.0,0.0,0.0,False,1,0.046935277787270024,0.3850984647870064,6.639374243525704e-05,4.651110713264351e-09,0.004630569720562541,0.001157642430140637,0.39773472467812204,1.0,1.004435953660431e-06,1.004435953660431e-06,1,,0.4004589021205902
reward_dense,double_dqn,test,0.0001,32,1000,256x256,u19,7,1,0.14285714285714285,none,0.42857142857142855,False,0.14285714285714285,0.0,0.14285714285714285,0.42857142857142855,0.0,0.0,0.14285714285714285,0.0,0.14285714285714285,0.2857142857142857,0.2857142857142857,0.14285714285714285,0.14285714285714285,0.14285714285714285,0.14285714285714285,0.14285714285714285,0.0,False,1,0.30573549973113195,0.44321100626673016,-0.00015386225555698413,-1.1049834632609953e-13,-0.320557126817123,-0.04579387525958899,0.2438216977902523,1.0,3.44707189708306e-13,3.44707189708306e-13,1,,0.2477649301290512
reward_dense,double_dqn,test,0.0001,32,1000,256x256,u22,8,1,0.375,none,0.5,False,0.125,0.0,0.25,0.5,0.0,0.0,0.125,0.0,0.25,0.125,0.0,0.0,0.125,0.0,0.0,0.375,0.5,False,1,0.05174903080342119,0.4528664294630289,3.607359674899429e-05,-5.444717261653731e-11,-0.4117183225415312,-0.05146479031769141,0.18341685453164827,1.0,1.3224374441350026e-10,1.3224374441350026e-10,1,,0.18782399594783783
reward_dense,double_dqn,test,0.0001,32,1000,256x256,u25,4,1,0.25,none,0.25,False,0.25,0.25,0.0,0.25,0.25,0.0,0.25,0.25,0.0,0.0,0.5,0.0,0.25,0.0,0.0,0.25,0.0,False,1,0.07752346689812839,0.5284910351037979,0.0009731926772136164,5.204302491180766e-07,0.317208067423284,0.07930201685582101,0.8417897644144612,1.0,1.6406589319924575e-06,1.6406589319924575e-06,1,,0.8540382385253906
reward_dense,double_dqn,test,0.0001,32,1000,256x256,u27,9,1,0.2222222222222222,increase_sleep,0.6666666666666666,False,0.6666666666666666,0.0,0.2222222222222222,0.1111111111111111,0.0,0.0,0.6666666666666666,0.0,0.2222222222222222,0.0,0.6666666666666666,0.0,0.0,0.0,0.0,0.1111111111111111,0.2222222222222222,False,1,0.01807431542288719,0.1761268691884147,1.0676889313014e-05,-3.564356910806852e-15,-0.14325402483797925,-0.015917113870886578,0.15183955210228528,1.0,2.4881373593783144e-14,2.4881373593783144e-14,1,,0.15462371706962585
reward_dense,double_dqn,test,0.0001,32,1000,256x256,u30,7,1,0.0,increase_sleep,0.5714285714285714,False,0.5714285714285714,0.14285714285714285,0.0,0.2857142857142857,0.14285714285714285,0.0,0.5714285714285714,0.0,0.0,0.0,0.2857142857142857,0.0,0.0,0.0,0.0,0.42857142857142855,0.2857142857142857,False,1,0.027256147960932658,0.3610164735998426,0.00022379993442881127,1.3712207262263013e-15,0.10034896956031836,0.01433556708004548,0.5026578124710336,1.0,1.3664522239085671e-14,1.3664522239085671e-14,1,,0.5072317719459534
reward_dense,double_dqn,test,0.0001,32,1000,256x256,u31,6,1,0.16666666666666666,increase_activity,0.5,False,0.0,0.5,0.0,0.3333333333333333,0.5,0.0,0.0,0.16666666666666666,0.0,0.0,0.16666666666666666,0.3333333333333333,0.16666666666666666,0.0,0.0,0.0,0.3333333333333333,False,1,0.2154494488737934,0.6573616564273834,0.0001463325417722715,-1.9375131248662946e-09,-0.8487983529029951,-0.14146639215049917,0.35174913039968075,1.0,2.28265419959848e-09,2.28265419959848e-09,1,,0.3559633493423462
reward_dense,double_dqn,test,0.0001,32,1000,256x256,u32,8,1,0.125,none,0.25,False,0.25,0.25,0.125,0.25,0.25,0.0,0.25,0.0,0.125,0.125,0.375,0.125,0.125,0.125,0.125,0.0,0.125,False,1,0.1456684018339729,0.6492014192044735,0.00023210781050869727,-8.52037566409648e-15,-0.45996883801984817,-0.057496104752481014,0.4688147693286325,1.0,1.8523810658079444e-14,1.8523810658079444e-14,1,,0.4745345413684845
reward_dense,double_dqn,test,0.0001,32,1000,256x256,u33,1,1,0.0,increase_sleep,1.0,False,1.0,0.0,0.0,0.0,0.0,0.0,1.0,0.0,0.0,0.0,1.0,0.0,0.0,0.0,0.0,0.0,0.0,False,1,0.36503955721855164,0.9141898155212402,0.0,0.0,0.0,0.0,-2.116254362038204,1.0,5.0,5.0,1,,0.9141898155212402
reward_dense,double_dqn,test,0.0001,32,1000,256x256,u34,4,1,0.25,increase_activity,0.5,False,0.0,0.5,0.0,0.0,0.5,0.5,0.0,0.0,0.0,0.0,0.75,0.0,0.25,0.0,0.0,0.0,0.0,False,1,0.015658735512261046,0.3013463728129864,-0.004792428023026905,-1.4958211959723416e-06,-0.11870242795939742,-0.029675606989849362,0.40456173498478915,1.0,1.2601437238368809e-05,1.2601437238368809e-05,1,,0.4176734685897827
reward_dense,double_dqn,test,0.0001,32,1000,256x256,u35,6,1,0.3333333333333333,increase_sleep,0.3333333333333333,False,0.3333333333333333,0.0,0.16666666666666666,0.16666666666666666,0.0,0.16666666666666666,0.3333333333333333,0.0,0.16666666666666666,0.16666666666666666,0.3333333333333333,0.0,0.3333333333333333,0.16666666666666666,0.0,0.0,0.16666666666666666,False,1,0.019340830263293658,0.33786196634173393,-0.0006965950570084067,2.5426295498748514e-08,0.4604146740243351,0.07673577900405584,0.3757437659109153,1.0,5.5224772217847715e-08,5.5224772217847715e-08,1,,0.37736284732818604
reward_dense,double_dqn,test,0.0001,32,1000,256x256,u36,16,1,0.0,increase_sleep,0.6875,False,0.6875,0.0,0.0,0.3125,0.0,0.0,0.6875,0.0,0.0,0.0,0.5,0.125,0.125,0.0,0.0,0.125,0.125,False,1,0.02371294811655389,0.4838185030966997,-0.00017857827116843166,-2.8907072827737038e-33,-0.15696714483751067,-0.009810446552344419,0.5780203426644541,1.0,1.8416002188012706e-32,1.8416002188012706e-32,1,,0.5878965854644775
reward_dense,double_dqn,test,0.0001,32,1000,256x256,u41,5,1,0.2,increase_sleep,0.4,False,0.4,0.0,0.0,0.0,0.0,0.2,0.4,0.2,0.0,0.2,0.2,0.2,0.2,0.0,0.0,0.2,0.2,False,1,0.020860060750055708,0.4987026691436768,0.0001425665827479764,6.384483031263779e-10,0.15438313354679956,0.030876626709359915,0.792918872028284,1.0,4.135479624351836e-09,4.135479624351836e-09,1,,0.8112360835075378
reward_dense,double_dqn,test,0.0001,32,1000,256x256,u42,1,1,0.0,decrease_social,1.0,False,0.0,0.0,0.0,0.0,0.0,0.0,0.0,0.0,0.0,1.0,1.0,0.0,0.0,0.0,0.0,0.0,0.0,False,1,0.5231670141220093,0.8842373490333557,0.0,0.0,0.0,0.0,0.8052942543016022,1.0,0.10078517064208688,0.10078517064208688,1,,0.8842373490333557
reward_dense,double_dqn,test,0.0001,32,1000,256x256,u43,4,1,0.25,none,0.25,False,0.25,0.25,0.0,0.25,0.25,0.0,0.25,0.0,0.0,0.25,0.25,0.5,0.25,0.0,0.0,0.0,0.0,False,1,0.004019792979306658,0.19087245524860919,0.04372549170199389,8.879858323789114e-08,0.09884518340701982,0.02471129585175496,0.3475768570944025,1.0,8.983602455593684e-07,8.983602455593684e-07,1,,0.3970881998538971
reward_dense,double_dqn,test,0.0001,32,1000,256x256,u44,6,1,0.5,none,0.6666666666666666,False,0.0,0.0,0.3333333333333333,0.6666666666666666,0.0,0.0,0.0,0.0,0.3333333333333333,0.0,0.8333333333333334,0.0,0.0,0.0,0.0,0.0,0.16666666666666666,False,1,0.012678934993649213,0.2914912775158882,-0.0017777373393398571,1.0604703617093532e-07,0.0414394927824412,0.006906582130406864,0.27295345040425834,1.0,2.5590814233100296e-06,2.5590814233100296e-06,1,,0.3218702971935272
reward_dense,double_dqn,test,0.0001,32,1000,256x256,u45,4,1,0.0,increase_sleep,0.5,False,0.5,0.0,0.25,0.0,0.0,0.0,0.5,0.0,0.25,0.25,0.25,0.25,0.25,0.0,0.0,0.25,0.0,False,1,0.015833400232622807,0.38178274780511856,0.0005857461380463422,3.127638324030478e-09,0.35443789950678684,0.08860947487669671,0.6143251144175506,1.0,8.824220909735387e-09,8.824220909735387e-09,1,,0.6230561137199402
reward_dense,double_dqn,test,0.0001,32,1000,256x256,u47,5,1,0.2,decrease_sleep,0.4,False,0.0,0.0,0.2,0.2,0.0,0.0,0.0,0.4,0.2,0.2,0.6,0.0,0.2,0.0,0.2,0.0,0.0,False,1,0.04793853890150786,0.32662029564380646,-8.828712644031008e-05,-2.5893944550281266e-09,-0.24215850671176967,-0.04843170134235394,0.3262119631741895,1.0,1.0692973334652108e-08,1.0692973334652108e-08,1,,0.3318628966808319
reward_dense,double_dqn,test,0.0001,32,1000,256x256,u49,12,1,0.25,none,0.4166666666666667,False,0.08333333333333333,0.0,0.16666666666666666,0.4166666666666667,0.0,0.0,0.08333333333333333,0.16666666666666666,0.16666666666666666,0.16666666666666666,0.75,0.08333333333333333,0.08333333333333333,0.0,0.08333333333333333,0.0,0.0,False,3,0.15032319616329914,0.47509264449278515,4.4606800659119075e-05,2.897952324861716e-17,7.515770874532968e-17,0.031200213177971184,0.35963220201313595,1.018160256446242,0.3855828461563892,1.1463387770441025,3,,0.5980978409449259
reward_dense,double_dqn,test,0.0001,32,1000,256x256,u50,6,1,0.3333333333333333,none,0.5,False,0.16666666666666666,0.16666666666666666,0.16666666666666666,0.5,0.16666666666666666,0.0,0.16666666666666666,0.0,0.16666666666666666,0.0,0.16666666666666666,0.0,0.0,0.0,0.0,0.5,0.3333333333333333,False,1,0.1394035989336165,0.7593398044506708,-0.005495758877162759,1.3628466346559905e-08,0.11175106960527258,0.018625178267545443,4.047891228425209,1.0,1.2195378885140349e-07,1.2195378885140349e-07,1,,0.3841411769390106
reward_dense,double_dqn,test,0.0001,32,1000,256x256,u51,28,1,0.21428571428571427,increase_activity,0.42857142857142855,False,0.21428571428571427,0.42857142857142855,0.07142857142857142,0.14285714285714285,0.42857142857142855,0.03571428571428571,0.21428571428571427,0.07142857142857142,0.07142857142857142,0.03571428571428571,0.6428571428571429,0.0,0.03571428571428571,0.14285714285714285,0.03571428571428571,0.07142857142857142,0.07142857142857142,True,2,0.018892475683904713,0.3612022304109165,0.1376061815176071,4.2767210349507745e-17,0.7656504734521654,0.04764810745174147,1.9112473436337925,1.0000000050991678,5.585735506265531e-17,1.117147098404846e-16,2,,0.6070632934570312
reward_dense,double_dqn,test,0.0001,32,1000,256x256,u52,11,1,0.2727272727272727,increase_sleep,0.45454545454545453,False,0.45454545454545453,0.0,0.09090909090909091,0.2727272727272727,0.0,0.09090909090909091,0.45454545454545453,0.09090909090909091,0.09090909090909091,0.0,0.8181818181818182,0.0,0.0,0.0,0.0,0.09090909090909091,0.09090909090909091,False,1,0.043468332713845564,0.3917033916169947,-5.9202119856224155e-05,-1.7195155120371196e-17,-0.3736515386248285,-0.03396832169316623,0.2751234913838312,1.0,4.601922738938939e-17,4.601922738938939e-17,1,,0.2831708788871765
reward_dense,double_dqn,test,0.0001,32,1000,256x256,u53,6,1,0.16666666666666666,increase_sleep,0.6666666666666666,False,0.6666666666666666,0.0,0.16666666666666666,0.16666666666666666,0.0,0.0,0.6666666666666666,0.0,0.16666666666666666,0.0,0.16666666666666666,0.16666666666666666,0.16666666666666666,0.0,0.16666666666666666,0.3333333333333333,0.0,False,1,0.02063651063326688,0.4840458780527115,0.037806665445796576,1.0261706599006142e-11,0.07629537804731268,0.012715896341218785,0.6001295964560441,1.0,1.344997149452828e-10,1.344997149452828e-10,1,,0.6093029379844666
reward_dense,double_dqn,test,0.0001,32,1000,256x256,u54,2,1,0.0,increase_sleep,0.5,False,0.5,0.0,0.5,0.0,0.0,0.0,0.5,0.0,0.5,0.0,1.0,0.0,0.0,0.0,0.0,0.0,0.0,False,1,0.21402481943368912,1.3034127950668335,0.14604239920154213,0.29208479840308427,0.05841695968061685,0.029208479840308426,0.7303746959407409,1.0,5.0,5.0,1,,1.752743124961853
reward_dense,double_dqn,test,0.0001,32,1000,256x256,u56,11,1,0.36363636363636365,increase_sleep,0.45454545454545453,False,0.45454545454545453,0.09090909090909091,0.18181818181818182,0.18181818181818182,0.09090909090909091,0.0,0.45454545454545453,0.0,0.18181818181818182,0.09090909090909091,0.45454545454545453,0.0,0.0,0.0,0.0,0.2727272727272727,0.2727272727272727,False,1,0.024978036043318174,0.3965017375620929,-0.00020819631129113226,3.5240176654960508e-15,0.06286968042875822,0.005715425493523476,0.4416361580182375,1.0,5.605273705008486e-14,5.605273705008486e-14,1,,0.4456406235694885
reward_dense,double_dqn,test,0.0001,32,1000,256x256,u57,10,1,0.3,increase_social,0.4,False,0.3,0.0,0.4,0.3,0.0,0.0,0.3,0.0,0.4,0.0,0.2,0.2,0.1,0.1,0.1,0.2,0.1,False,1,0.0255137847819066,0.2986550617963076,2.4385021739647593e-05,-2.2877346665002255e-17,-0.0005068215001039457,-5.0682150010403215e-05,0.1989883570113146,1.0,4.5138863801772937e-14,4.5138863801772937e-14,1,,0.20296119153499603
reward_dense,double_dqn,test,0.0001,32,1000,256x256,u58,6,1,0.0,decrease_social,0.5,False,0.0,0.0,0.0,0.3333333333333333,0.0,0.0,0.0,0.16666666666666666,0.0,0.5,0.0,0.3333333333333333,0.0,0.3333333333333333,0.16666666666666666,0.0,0.16666666666666666,False,1,0.3323765362923344,0.703552226225535,-0.0016498568648858649,-1.0214930417738411e-12,-1.1096595115813155,-0.18494325193021927,0.4290709757233583,1.0,9.205463758141152e-13,9.205463758141152e-13,1,,0.44327685236930847
reward_dense,double_dqn,test,0.0001,32,1000,256x256,u59,16,1,0.0625,decrease_social,0.5,False,0.0,0.1875,0.0,0.0,0.1875,0.0,0.0,0.3125,0.0,0.5,0.375,0.0625,0.0,0.1875,0.125,0.1875,0.0625,False,1,0.4698624562006444,0.7516490938141942,-0.0005670521879553445,-2.866709738753289e-31,-0.4001092872807773,-0.02500683045504858,0.23437476742423796,1.0,7.164816788523009e-31,7.164816788523009e-31,1,1.0,0.24180354177951813
