reward_variant,algo,split,learning_rate,batch_size,target_update_interval,hidden_units,subgroup,num_rows,num_students,action_match,dominant_policy_action,dominant_policy_action_rate,policy_collapsed,increase_sleep_rate,increase_activity_rate,increase_social_rate,policy_action_rate_none,policy_action_rate_increase_activity,policy_action_rate_decrease_activity,policy_action_rate_increase_sleep,policy_action_rate_decrease_sleep,policy_action_rate_increase_social,policy_action_rate_decrease_social,logged_action_rate_none,logged_action_rate_increase_activity,logged_action_rate_decrease_activity,logged_action_rate_increase_sleep,logged_action_rate_decrease_sleep,logged_action_rate_increase_social,logged_action_rate_decrease_social,reliable_support,num_episodes,td_error,value,pdis,trajectory_is,trajectory_wis,weighted_pdis,dr,effective_sample_size,weight_mean,weight_max,nonzero_weight_episodes,mood_improvement,direct_method_v0
reward_dense,double_dqn,train,0.0001,32,1000,256x256,mood_observed,118,34,0.3050847457627119,decrease_sleep,0.2796610169491525,False,0.1271186440677966,0.11016949152542373,0.06779661016949153,0.1864406779661017,0.11016949152542373,0.01694915254237288,0.1271186440677966,0.2796610169491525,0.06779661016949153,0.211864406779661,0.2457627118644068,0.1694915254237288,0.0847457627118644,0.09322033898305085,0.17796610169491525,0.11864406779661017,0.11016949152542373,True,36,0.10350403250625709,0.6709858795343819,0.024478100768213818,0.013631459337623365,0.10008472557838993,0.16436874605520857,0.5950689593412157,2.6060385351092625,0.13619919781811982,2.6758007961781898,36,0.7058823529411765,0.6082569799489446
reward_dense,double_dqn,train,0.0001,32,1000,256x256,mood_missing,2318,49,0.23468507333908542,increase_sleep,0.3710094909404659,False,0.3710094909404659,0.07851596203623813,0.12338222605694564,0.2825711820534944,0.07851596203623813,0.02286453839516825,0.3710094909404659,0.04227782571182054,0.12338222605694564,0.07937877480586712,0.34124245038826573,0.135893011216566,0.14106988783433994,0.0996548748921484,0.08412424503882658,0.10396893874029335,0.09404659188955997,True,76,0.016453326706626532,0.3895044468220314,0.012308730191694255,0.05252406509472084,0.24447319474422738,0.06812925888684793,1.0515127532381225,3.5079808892972104,0.21484590631571096,5.0,76,,0.5786009675970203
reward_dense,double_dqn,train,0.0001,32,1000,256x256,low_mood,85,34,0.29411764705882354,decrease_sleep,0.35294117647058826,False,0.09411764705882353,0.10588235294117647,0.08235294117647059,0.16470588235294117,0.10588235294117647,0.023529411764705882,0.09411764705882353,0.35294117647058826,0.08235294117647059,0.17647058823529413,0.2823529411764706,0.17647058823529413,0.07058823529411765,0.07058823529411765,0.16470588235294117,0.1411764705882353,0.09411764705882353,True,36,0.08062226890913948,0.6056231195435805,0.04380299495629894,0.013328548843633076,0.09637579178584016,0.16227898037013966,0.5672274492841434,2.6865273740669204,0.1382976844771443,2.6758007961781898,36,0.9861111144224802,0.5888402602738805
reward_dense,double_dqn,train,0.0001,32,1000,256x256,high_mood,33,13,0.3333333333333333,decrease_social,0.30303030303030304,False,0.21212121212121213,0.12121212121212122,0.030303030303030304,0.24242424242424243,0.12121212121212122,0.0,0.21212121212121213,0.09090909090909091,0.030303030303030304,0.30303030303030304,0.15151515151515152,0.15151515151515152,0.12121212121212122,0.15151515151515152,0.21212121212121213,0.06060606060606061,0.15151515151515152,True,13,0.2573193026548159,0.8393444780147437,0.07521731983121406,0.0009400442150959003,0.11429637250511854,0.3092678370372008,0.6828854803580137,7.850869604837363,0.008224619858813124,0.021085367028235467,13,0.033333325386047365,0.7532970515581278
reward_dense,double_dqn,train,0.0001,32,1000,256x256,low_sleep,845,43,0.17514792899408285,none,0.3621301775147929,False,0.35976331360946745,0.04378698224852071,0.0863905325443787,0.3621301775147929,0.04378698224852071,0.009467455621301775,0.35976331360946745,0.09112426035502959,0.0863905325443787,0.047337278106508875,0.3301775147928994,0.12662721893491125,0.1467455621301775,0.0035502958579881655,0.18461538461538463,0.11242603550295859,0.09585798816568047,True,54,0.03661068089773104,0.46480647914728823,0.0019952538137398453,0.01036246997955543,0.16694273828940268,-0.022810199070218463,0.5786292312034149,1.2490695037389494,0.06207200196747478,2.9786990684134667,54,0.7666666507720947,0.43336008330462156
reward_dense,double_dqn,train,0.0001,32,1000,256x256,normal_sleep,1591,49,0.2715273412947832,increase_sleep,0.35889377749842866,False,0.35889377749842866,0.09930861093651791,0.13890634820867379,0.23318667504714016,0.09930861093651791,0.0295411690760528,0.35889377749842866,0.0339409176618479,0.13890634820867379,0.10622250157133878,0.34003771213073536,0.1433060967944689,0.13387806411062225,0.15021998742928974,0.03771213073538655,0.1005656819610308,0.09428032683846638,True,69,0.03056400901074824,0.37038728261763365,0.018306430705616245,0.04132300488349067,0.1683427439175618,0.10431801839131498,0.9359238828444075,3.7354343469488573,0.2454694744890622,5.0,69,0.6805555621782938,0.5818265797435374
reward_dense,double_dqn,train,0.0001,32,1000,256x256,low_activity,722,47,0.2146814404432133,increase_sleep,0.3476454293628809,False,0.3476454293628809,0.04293628808864266,0.09279778393351801,0.3379501385041551,0.04293628808864266,0.018005540166204988,0.3476454293628809,0.04293628808864266,0.09279778393351801,0.11772853185595568,0.3587257617728532,0.002770083102493075,0.24792243767313019,0.09418282548476455,0.08310249307479224,0.09418282548476455,0.11911357340720222,True,63,0.05002228831800522,0.4068906242769583,0.025663142243805413,0.07450810590568022,0.4148434903054442,0.05384677464377292,0.5344719377415016,2.5129727302578977,0.17960533947590887,5.0,63,0.5740740829043918,0.4673063938343336
reward_dense,double_dqn,train,0.0001,32,1000,256x256,high_activity,451,49,0.22394678492239467,increase_sleep,0.30376940133037694,False,0.30376940133037694,0.13082039911308205,0.15299334811529933,0.17738359201773837,0.13082039911308205,0.04878048780487805,0.30376940133037694,0.10199556541019955,0.15299334811529933,0.08425720620842572,0.16186252771618626,0.5343680709534369,0.04656319290465632,0.07538802660753881,0.0598669623059867,0.07095343680709534,0.050997782705099776,True,63,0.0893568830686797,0.44714132376570676,0.03474490141998675,0.10725558150533673,0.30140200513732934,0.13286419028262975,0.6803553123465234,4.9246422454358445,0.35585556723973133,5.0,63,0.75,0.5348753524678094
reward_dense,double_dqn,train,0.0001,32,1000,256x256,low_social,402,49,0.2537313432835821,none,0.47761194029850745,False,0.19402985074626866,0.14676616915422885,0.022388059701492536,0.47761194029850745,0.14676616915422885,0.014925373134328358,0.19402985074626866,0.02736318407960199,0.022388059701492536,0.11691542288557213,0.35074626865671643,0.11691542288557213,0.08955223880597014,0.04228855721393035,0.04228855721393035,0.03482587064676617,0.32338308457711445,True,71,0.0914959991696192,0.5632959344512343,0.0034138091347175503,-0.014166588023964151,-0.024147254048428757,-0.022937928916266084,0.30155894523809834,8.622841731204199,0.5866749070329991,5.0,71,0.875,0.5906672660313862
reward_dense,double_dqn,train,0.0001,32,1000,256x256,high_social,766,49,0.24934725848563968,increase_sleep,0.35900783289817234,False,0.35900783289817234,0.07180156657963446,0.2362924281984334,0.18407310704960836,0.07180156657963446,0.028720626631853787,0.35900783289817234,0.0835509138381201,0.2362924281984334,0.03655352480417755,0.29112271540469975,0.16057441253263707,0.1174934725848564,0.1227154046997389,0.10443864229765012,0.19451697127937337,0.009138381201044387,True,65,0.05407365795816208,0.36681709407802,0.014921031066800192,0.036605784825603345,1.5801529052959666,0.15374189800179403,0.6429747708677873,1.0583926615789445,0.02316597634502149,1.4635437399063902,65,1.1666666746139527,0.50023792174
reward_dense,double_dqn,train,0.0001,32,1000,256x256,weekday,1755,49,0.2336182336182336,increase_sleep,0.3806267806267806,False,0.3806267806267806,0.08262108262108261,0.1150997150997151,0.26096866096866095,0.08262108262108261,0.018803418803418803,0.3806267806267806,0.05128205128205128,0.1150997150997151,0.0905982905982906,0.34985754985754985,0.12421652421652421,0.11965811965811966,0.11339031339031339,0.09287749287749288,0.1076923076923077,0.09230769230769231,True,74,0.027041608939615012,0.40503931207598276,0.010889059334166973,0.03594691900098273,0.45199541447825375,0.060120141702902065,0.7963958316840707,1.3471619612144299,0.07952938868301769,5.0,74,0.7,0.5720573981871476
reward_dense,double_dqn,train,0.0001,32,1000,256x256,weekend,681,49,0.24963289280469897,none,0.32158590308370044,False,0.3039647577092511,0.07342143906020558,0.13509544787077826,0.32158590308370044,0.07342143906020558,0.032305433186490456,0.3039647577092511,0.06020558002936858,0.13509544787077826,0.07342143906020558,0.302496328928047,0.17180616740088106,0.18649045521292218,0.0631424375917768,0.07782672540381791,0.09691629955947137,0.1013215859030837,True,72,0.05834775157463023,0.39824324226685187,0.01003862626827853,0.0345686850845128,0.08956967036853872,0.07656958466471733,0.1306762020618353,6.260798066246629,0.3859418589158393,5.0,72,0.7142857142857143,0.5044639783704447
reward_dense,double_dqn,train,0.0001,32,1000,256x256,early_term,850,49,0.24588235294117647,increase_sleep,0.34352941176470586,False,0.34352941176470586,0.09058823529411765,0.12,0.30117647058823527,0.09058823529411765,0.029411764705882353,0.34352941176470586,0.03764705882352941,0.12,0.07764705882352942,0.32588235294117646,0.12823529411764706,0.12941176470588237,0.12117647058823529,0.10705882352941176,0.10588235294117647,0.08235294117647059,True,58,0.019312668037088664,0.4016163032141733,0.01733675072811248,0.0034947441759192632,0.0322195260462532,0.06386851245839693,1.0558814508385288,1.522184797828018,0.10846665375841759,5.0,58,,0.5661654947646733
reward_dense,double_dqn,train,0.0001,32,1000,256x256,late_term,801,49,0.23096129837702872,increase_sleep,0.3545568039950062,False,0.3545568039950062,0.07240948813982521,0.1198501872659176,0.2596754057428215,0.07240948813982521,0.01373283395755306,0.3545568039950062,0.08114856429463171,0.1198501872659176,0.0986267166042447,0.3595505617977528,0.14481897627965043,0.1373283395755306,0.05867665418227216,0.05742821473158552,0.12734082397003746,0.11485642946317104,True,64,0.020480422793428394,0.42865142565960074,0.01616412551295181,0.041465620072267666,0.4530164928482913,0.08127239705277023,0.6040293893871337,1.3348078125027976,0.09153225263733147,5.0,64,0.7916666666666666,0.4381746015860699
reward_dense,double_dqn,val,0.0001,32,1000,256x256,mood_observed,62,23,0.1774193548387097,decrease_social,0.3064516129032258,False,0.16129032258064516,0.0967741935483871,0.06451612903225806,0.12903225806451613,0.0967741935483871,0.0,0.16129032258064516,0.24193548387096775,0.06451612903225806,0.3064516129032258,0.27419354838709675,0.12903225806451613,0.12903225806451613,0.12903225806451613,0.1774193548387097,0.0967741935483871,0.06451612903225806,True,23,0.44149264151213086,0.6788924128538177,0.03520181604917953,-0.011636843847966555,-0.06994952904256495,0.17273899562681044,0.5779925452837317,2.965365306405025,0.166360574649265,1.5933301198765342,23,0.4666666746139526,0.6742898663100989
reward_dense,double_dqn,val,0.0001,32,1000,256x256,mood_missing,242,43,0.1859504132231405,increase_sleep,0.38016528925619836,False,0.38016528925619836,0.06611570247933884,0.128099173553719,0.28512396694214875,0.06611570247933884,0.01652892561983471,0.38016528925619836,0.08264462809917356,0.128099173553719,0.04132231404958678,0.32644628099173556,0.16115702479338842,0.128099173553719,0.03305785123966942,0.024793388429752067,0.15702479338842976,0.16942148760330578,True,44,0.05567903994794735,0.4609125335662326,0.036237436333873364,0.0029708233916320615,0.02481245234703397,0.09008498725254463,0.5546595614605911,1.1094280096213969,0.11973114749325403,5.0,44,,0.4446594818410548
reward_dense,double_dqn,val,0.0001,32,1000,256x256,low_mood,49,23,0.20408163265306123,decrease_sleep,0.2857142857142857,False,0.16326530612244897,0.12244897959183673,0.061224489795918366,0.14285714285714285,0.12244897959183673,0.0,0.16326530612244897,0.2857142857142857,0.061224489795918366,0.22448979591836735,0.30612244897959184,0.14285714285714285,0.14285714285714285,0.08163265306122448,0.1836734693877551,0.061224489795918366,0.08163265306122448,True,23,0.3520155686417972,0.6318747928860237,0.0035264184119054615,-0.0133263522114485,-0.07945475958719186,-0.0011357347578223303,0.49858989820602573,3.013885428981222,0.16772251631854052,1.5933301198765342,23,0.4666666746139526,0.6491912185497906
reward_dense,double_dqn,val,0.0001,32,1000,256x256,high_mood,13,7,0.07692307692307693,decrease_social,0.6153846153846154,False,0.15384615384615385,0.0,0.07692307692307693,0.07692307692307693,0.0,0.0,0.15384615384615385,0.07692307692307693,0.07692307692307693,0.6153846153846154,0.15384615384615385,0.07692307692307693,0.07692307692307693,0.3076923076923077,0.15384615384615385,0.23076923076923078,0.0,False,7,1.432235867808161,0.856112709412208,0.15124946000325498,0.2733878334845933,0.8010212577983716,0.7441591934368325,0.8105085798639832,1.0179455088328808,0.34129909889783333,2.367890576494383,7,,0.8101427853107452
reward_dense,double_dqn,val,0.0001,32,1000,256x256,low_sleep,120,22,0.16666666666666666,increase_sleep,0.38333333333333336,False,0.38333333333333336,0.05,0.10833333333333334,0.24166666666666667,0.05,0.0,0.38333333333333336,0.10833333333333334,0.10833333333333334,0.10833333333333334,0.35,0.11666666666666667,0.09166666666666666,0.008333333333333333,0.1,0.15833333333333333,0.175,True,22,0.15909000080683502,0.6130131129796307,0.048403590572865585,0.023166481615745697,0.4499247473954666,0.1293472617409427,0.7808107190970898,1.3754295767154516,0.05148968077406786,0.9576464166312644,22,0.0,0.5967037213796919
reward_dense,double_dqn,val,0.0001,32,1000,256x256,normal_sleep,184,34,0.1956521739130435,increase_sleep,0.30434782608695654,False,0.30434782608695654,0.08695652173913043,0.11956521739130435,0.2608695652173913,0.08695652173913043,0.021739130434782608,0.30434782608695654,0.11956521739130435,0.11956521739130435,0.08695652173913043,0.29347826086956524,0.1793478260869565,0.15217391304347827,0.08152173913043478,0.02717391304347826,0.1358695652173913,0.13043478260869565,True,35,0.14472910188712387,0.4351662421275092,0.025752514820429017,1.7847241570236474e-05,0.00012406526328079617,0.10463969424276662,0.46991161940919407,1.013970554020858,0.14385365490937554,5.0,35,1.1666666865348816,0.47315728025777
reward_dense,double_dqn,val,0.0001,32,1000,256x256,low_activity,124,38,0.20161290322580644,increase_sleep,0.3467741935483871,False,0.3467741935483871,0.04838709677419355,0.08064516129032258,0.29838709677419356,0.04838709677419355,0.008064516129032258,0.3467741935483871,0.11290322580645161,0.08064516129032258,0.10483870967741936,0.3709677419354839,0.0,0.1935483870967742,0.04838709677419355,0.056451612903225805,0.13709677419354838,0.1935483870967742,True,38,0.18620167646662367,0.5471853275573061,0.05071566018035732,0.17454969245071586,0.5757765865128479,0.12560012641936083,0.46609571526030547,2.8501677651247364,0.3031552455230323,5.0,38,0.3333333730697632,0.5146072004970751
reward_dense,double_dqn,val,0.0001,32,1000,256x256,high_activity,54,27,0.12962962962962962,increase_sleep,0.2962962962962963,False,0.2962962962962963,0.1111111111111111,0.12962962962962962,0.24074074074074073,0.1111111111111111,0.05555555555555555,0.2962962962962963,0.05555555555555555,0.12962962962962962,0.1111111111111111,0.16666666666666666,0.5555555555555556,0.018518518518518517,0.018518518518518517,0.037037037037037035,0.07407407407407407,0.12962962962962962,True,27,0.10961813712181526,0.4489085478363214,0.010104415514690691,0.005531752539469155,0.01887143507679802,0.1827128069642723,0.3118225596930869,2.142615014880013,0.2931283454044421,5.0,27,2.0,0.44521897065418736
reward_dense,double_dqn,val,0.0001,32,1000,256x256,low_social,69,31,0.17391304347826086,none,0.5072463768115942,False,0.2608695652173913,0.11594202898550725,0.014492753623188406,0.5072463768115942,0.11594202898550725,0.014492753623188406,0.2608695652173913,0.043478260869565216,0.014492753623188406,0.043478260869565216,0.18840579710144928,0.15942028985507245,0.10144927536231885,0.014492753623188406,0.057971014492753624,0.043478260869565216,0.43478260869565216,True,32,0.19044665491891583,0.6052770245334377,-0.008841782654215164,-0.010063336427852766,-0.024139752676653713,-0.028574573469814086,0.14193119057099676,3.2372989574029596,0.41687819103405,5.0,32,0.3333333730697632,0.530302959959954
reward_dense,double_dqn,val,0.0001,32,1000,256x256,high_social,83,33,0.1566265060240964,increase_sleep,0.3253012048192771,False,0.3253012048192771,0.060240963855421686,0.20481927710843373,0.12048192771084337,0.060240963855421686,0.0,0.3253012048192771,0.1686746987951807,0.20481927710843373,0.12048192771084337,0.24096385542168675,0.14457831325301204,0.1566265060240964,0.07228915662650602,0.03614457831325301,0.3132530120481928,0.03614457831325301,True,33,0.18175983876628093,0.481463886438364,0.04730957731269453,0.042804724219981695,0.1811813884246798,0.19929930382012076,0.4727070907777874,3.59805509093715,0.2362534286339038,3.5543818882635265,33,2.0,0.5145891685829018
reward_dense,double_dqn,val,0.0001,32,1000,256x256,weekday,218,43,0.16972477064220184,increase_sleep,0.37155963302752293,False,0.37155963302752293,0.06880733944954129,0.10091743119266056,0.21559633027522937,0.06880733944954129,0.009174311926605505,0.37155963302752293,0.13302752293577982,0.10091743119266056,0.10091743119266056,0.3394495412844037,0.1559633027522936,0.11009174311926606,0.05504587155963303,0.05504587155963303,0.14678899082568808,0.13761467889908258,True,44,0.13346926990716237,0.4966543491485469,0.02395966970503426,-3.273578195084336e-05,-0.0002825875703108515,0.075296737741516,0.5013025056324794,1.0391200764484405,0.115842964766049,5.0,44,0.0833333432674408,0.5007807349955494
reward_dense,double_dqn,val,0.0001,32,1000,256x256,weekend,86,40,0.22093023255813954,none,0.3488372093023256,False,0.2441860465116279,0.08139534883720931,0.1511627906976744,0.3488372093023256,0.08139534883720931,0.023255813953488372,0.2441860465116279,0.06976744186046512,0.1511627906976744,0.08139534883720931,0.2558139534883721,0.1511627906976744,0.1744186046511628,0.046511627906976744,0.05813953488372093,0.13953488372093023,0.1744186046511628,True,40,0.17860974385410922,0.5274594783956228,0.04032590805665605,0.05686941732576809,0.20383845764799033,0.13487719683840282,0.35390416273669467,3.2661146318405594,0.2789925806050602,5.0,40,2.0,0.5313151290640235
reward_dense,double_dqn,val,0.0001,32,1000,256x256,early_term,124,43,0.2661290322580645,none,0.3064516129032258,False,0.23387096774193547,0.0967741935483871,0.16129032258064516,0.3064516129032258,0.0967741935483871,0.016129032258064516,0.23387096774193547,0.08870967741935484,0.16129032258064516,0.0967741935483871,0.33064516129032256,0.1532258064516129,0.14516129032258066,0.03225806451612903,0.06451612903225806,0.12903225806451613,0.14516129032258066,True,43,0.13337224509175008,0.5223329504651408,0.07472704061819083,0.23174067737479062,0.5009603471617199,0.1983009704174146,0.41600046989236616,4.576156151298709,0.46259285527838423,5.0,43,1.5,0.4543448736847833
reward_dense,double_dqn,val,0.0001,32,1000,256x256,late_term,81,40,0.09876543209876543,increase_sleep,0.30864197530864196,False,0.30864197530864196,0.08641975308641975,0.1111111111111111,0.2716049382716049,0.08641975308641975,0.024691358024691357,0.30864197530864196,0.14814814814814814,0.1111111111111111,0.04938271604938271,0.24691358024691357,0.20987654320987653,0.13580246913580246,0.04938271604938271,0.037037037037037035,0.14814814814814814,0.1728395061728395,True,40,0.13723618695533973,0.45365750200954486,0.009599734282205336,-0.0034305769218618636,-0.09131974843207522,0.0923391429752556,0.4371707163478657,1.2288786707272394,0.03756664884390883,1.354749487848864,40,0.3333333730697632,0.4339607797563076
reward_dense,double_dqn,test,0.0001,32,1000,256x256,mood_observed,26,7,0.07692307692307693,decrease_social,0.5384615384615384,False,0.0,0.15384615384615385,0.0,0.07692307692307693,0.15384615384615385,0.0,0.0,0.23076923076923078,0.0,0.5384615384615384,0.34615384615384615,0.11538461538461539,0.038461538461538464,0.19230769230769232,0.15384615384615385,0.11538461538461539,0.038461538461538464,True,7,0.40429531254295187,0.7333527247493083,-0.0004995776527151863,0.0006076639215850361,0.15609462972073124,0.08363352214860027,0.4947081713034142,2.9526117369698612,0.003892920100276397,0.010319685102161129,7,1.0,0.5077803922551019
reward_dense,double_dqn,test,0.0001,32,1000,256x256,mood_missing,279,41,0.2114695340501792,increase_sleep,0.3333333333333333,False,0.3333333333333333,0.12186379928315412,0.13620071684587814,0.26881720430107525,0.12186379928315412,0.02867383512544803,0.3333333333333333,0.06093189964157706,0.13620071684587814,0.05017921146953405,0.4050179211469534,0.1003584229390681,0.1111111111111111,0.03942652329749104,0.02867383512544803,0.15412186379928317,0.16129032258064516,True,45,0.05584735217796111,0.4602826958769218,0.022298586450350398,0.00649869016183762,0.025974810347572038,0.047637994595038806,0.5625077167928161,2.469723792660596,0.2501920158368,5.0,45,,0.5294309246871206
reward_dense,double_dqn,test,0.0001,32,1000,256x256,low_mood,18,7,0.05555555555555555,decrease_social,0.5,False,0.0,0.05555555555555555,0.0,0.1111111111111111,0.05555555555555555,0.0,0.0,0.3333333333333333,0.0,0.5,0.5,0.0,0.05555555555555555,0.16666666666666666,0.16666666666666666,0.05555555555555555,0.05555555555555555,False,7,0.29946641896903103,0.5873721597923173,-0.0011152710156881714,-0.001803266145032642,-0.3558413147030222,-0.21316627603166133,0.4926335718694267,3.9315368361770693,0.005067613204322861,0.010319685102161129,7,1.0,0.5077803922551019
reward_dense,double_dqn,test,0.0001,32,1000,256x256,high_mood,8,4,0.125,decrease_social,0.625,False,0.0,0.375,0.0,0.0,0.375,0.0,0.0,0.0,0.0,0.625,0.0,0.375,0.0,0.25,0.125,0.25,0.0,False,4,1.1094666100107133,1.0618090331554413,0.09095157025381945,0.17949972912869486,0.7322982327000045,0.4190903488749651,0.8867216573245624,1.0490283606971427,0.245118342655115,0.957142857047143,4,,0.9648379385471344
reward_dense,double_dqn,test,0.0001,32,1000,256x256,low_sleep,117,22,0.19658119658119658,increase_sleep,0.358974358974359,False,0.358974358974359,0.06837606837606838,0.09401709401709402,0.3247863247863248,0.06837606837606838,0.0,0.358974358974359,0.06837606837606838,0.09401709401709402,0.08547008547008547,0.38461538461538464,0.08547008547008547,0.07692307692307693,0.0,0.08547008547008547,0.1794871794871795,0.18803418803418803,True,24,0.10766786173299751,0.5515211857536919,-0.002869911581996703,-0.0023136473504365776,-0.007486219906391493,0.0296587906325895,0.4020937761011311,2.016541101186463,0.30905415274553455,5.0,24,1.0,0.5272638013896843
reward_dense,double_dqn,test,0.0001,32,1000,256x256,normal_sleep,188,33,0.20212765957446807,increase_sleep,0.2712765957446808,False,0.2712765957446808,0.1595744680851064,0.14361702127659576,0.2074468085106383,0.1595744680851064,0.0425531914893617,0.2712765957446808,0.0797872340425532,0.14361702127659576,0.09574468085106383,0.4095744680851064,0.11170212765957446,0.12234042553191489,0.0851063829787234,0.010638297872340425,0.13297872340425532,0.1276595744680851,True,35,0.12098841238704311,0.44126630234631137,0.0330664805689753,0.00015355241464378594,0.001049849908691308,0.06174432247839258,0.626610141638078,1.0477938717803084,0.14626130208955004,5.0,35,,0.5245314664074353
reward_dense,double_dqn,test,0.0001,32,1000,256x256,low_activity,95,37,0.18947368421052632,none,0.28421052631578947,False,0.28421052631578947,0.05263157894736842,0.1368421052631579,0.28421052631578947,0.05263157894736842,0.031578947368421054,0.28421052631578947,0.09473684210526316,0.1368421052631579,0.11578947368421053,0.35789473684210527,0.0,0.2,0.05263157894736842,0.06315789473684211,0.16842105263157894,0.15789473684210525,True,39,0.1395308378944001,0.49541961819325625,-0.001709881247147141,-0.003217923773283999,-0.014168190272432194,0.021252907328952145,0.35708522730135983,2.6600619558429828,0.22712313368244957,5.0,39,,0.4644587741066248
reward_dense,double_dqn,test,0.0001,32,1000,256x256,high_activity,103,27,0.1650485436893204,increase_sleep,0.34951456310679613,False,0.34951456310679613,0.23300970873786409,0.08737864077669903,0.14563106796116504,0.23300970873786409,0.019417475728155338,0.34951456310679613,0.06796116504854369,0.08737864077669903,0.0970873786407767,0.44660194174757284,0.1650485436893204,0.0,0.06796116504854369,0.02912621359223301,0.14563106796116504,0.14563106796116504,True,29,0.12306252661293682,0.5239433024838133,0.06498943436111307,0.06701463075172412,0.18750579744340098,0.09155081538027471,0.5019388484552387,3.5311770656989796,0.3574003132993935,5.0,29,1.0,0.5503082599105507
reward_dense,double_dqn,test,0.0001,32,1000,256x256,low_social,125,30,0.168,none,0.296,False,0.272,0.208,0.04,0.296,0.208,0.032,0.272,0.048,0.04,0.104,0.4,0.088,0.064,0.032,0.016,0.136,0.264,True,33,0.14088813400888467,0.584820867061615,0.016818476782138686,-0.0029901014416336626,-0.010089686274216957,0.04710757193524032,0.5337284147560808,3.1349083619990825,0.29635227105866774,5.0,33,1.0,0.5560223193782748
reward_dense,double_dqn,test,0.0001,32,1000,256x256,high_social,99,32,0.18181818181818182,increase_social,0.26262626262626265,False,0.24242424242424243,0.04040404040404041,0.26262626262626265,0.1717171717171717,0.04040404040404041,0.020202020202020204,0.24242424242424243,0.13131313131313133,0.26262626262626265,0.13131313131313133,0.37373737373737376,0.12121212121212122,0.1414141414141414,0.0707070707070707,0.0707070707070707,0.21212121212121213,0.010101010101010102,True,32,0.09337217146174627,0.4187594139760341,0.03956249660647389,0.09013470535508349,0.20566820839516065,0.10892606746610926,0.4626364344761956,3.5170010946227324,0.4382529806546627,5.0,32,,0.5300952281104401
reward_dense,double_dqn,test,0.0001,32,1000,256x256,weekday,199,41,0.19597989949748743,increase_sleep,0.3065326633165829,False,0.3065326633165829,0.11055276381909548,0.1708542713567839,0.23618090452261306,0.11055276381909548,0.020100502512562814,0.3065326633165829,0.06030150753768844,0.1708542713567839,0.09547738693467336,0.4020100502512563,0.09045226130653267,0.10552763819095477,0.06532663316582915,0.04020100502512563,0.1708542713567839,0.12562814070351758,True,44,0.12324080674565194,0.4848265992992338,0.019769897373068838,0.006820664988939712,0.029629829204122715,0.08251724543559248,0.5504041756558116,2.0513519874434585,0.23019589286024908,5.0,44,,0.5164625345813957
reward_dense,double_dqn,test,0.0001,32,1000,256x256,weekend,106,38,0.20754716981132076,increase_sleep,0.3018867924528302,False,0.3018867924528302,0.1509433962264151,0.03773584905660377,0.2830188679245283,0.1509433962264151,0.03773584905660377,0.3018867924528302,0.10377358490566038,0.03773584905660377,0.08490566037735849,0.39622641509433965,0.12264150943396226,0.10377358490566038,0.02830188679245283,0.03773584905660377,0.11320754716981132,0.19811320754716982,True,41,0.14440733563208902,0.4811844310529952,0.01916671558603386,0.0070819947577454075,0.030292913001011848,0.008006142877497775,0.43910240199883,3.510020839062001,0.2337838806558106,4.592795874633826,41,1.0,0.4823929116856761
reward_dense,double_dqn,test,0.0001,32,1000,256x256,early_term,130,41,0.23076923076923078,none,0.2692307692307692,False,0.26153846153846155,0.12307692307692308,0.13076923076923078,0.2692307692307692,0.12307692307692308,0.03076923076923077,0.26153846153846155,0.1,0.13076923076923078,0.08461538461538462,0.33076923076923076,0.13076923076923078,0.13846153846153847,0.06923076923076923,0.06923076923076923,0.14615384615384616,0.11538461538461539,True,42,0.08990707347487567,0.4746329468316757,0.006735575416905586,0.004934892333156921,0.012538677878656368,0.029900492188514156,0.4017427176009626,3.5985942121595182,0.39357357936096365,5.0,42,,0.5180869437754154
reward_dense,double_dqn,test,0.0001,32,1000,256x256,late_term,89,38,0.1797752808988764,increase_sleep,0.30337078651685395,False,0.30337078651685395,0.1348314606741573,0.12359550561797752,0.2808988764044944,0.1348314606741573,0.033707865168539325,0.30337078651685395,0.056179775280898875,0.12359550561797752,0.06741573033707865,0.4606741573033708,0.06741573033707865,0.0898876404494382,0.033707865168539325,0.0,0.1348314606741573,0.21348314606741572,True,40,0.11065056959464374,0.5010796380176973,0.005732199210805794,-0.0009460098335719782,-0.015144136100411468,0.037859917002149454,0.4315461770222681,2.5316523023643622,0.06246707156483326,1.1463387770441025,40,,0.4653221814893186
